id;client_id;path;parent_path;portal_type;name;phone;email_address;created_by;created_date;last_modified_by;last_modified_date
002b31c2224c4611a7b593b25da38da7;ZW010312;/senaite/internal_clients/client19-1383;NULL;Client;"Paidamoyo Rural Health Centre";NULL;NULL;system;"2020-08-13 17:42:03";system;"2020-08-13 17:43:43"
00d081a48c3e41769761eef4d0f83392;ZW030924;/senaite/internal_clients/client19-835;NULL;Client;"Marirangwe Clinic";NULL;NULL;system;"2020-08-13 17:42:01";system;"2020-08-13 17:43:40"
00eb1fec47d6450d8df7b985d1c837d0;ZW010532;/senaite/internal_clients/client19-1262;NULL;Client;"Mutare ZPCS Farm Clinic";NULL;NULL;system;"2020-08-13 17:42:05";system;"2020-08-13 17:43:45"
017d305357ac490db4c3649bcd0cdd51;ZW010628;/senaite/internal_clients/client19-1229;NULL;Client;"Mandeya 2 Clinic";NULL;NULL;system;"2020-08-13 17:42:05";system;"2020-08-13 17:43:46"
01c780cd23424ca8b67a8e34640d9de6;ZW010350;/senaite/internal_clients/client19-1356;NULL;Client;"Tamandayi Clinic";NULL;NULL;system;"2020-08-13 17:42:04";system;"2020-08-13 17:43:44"
025f70844e054f7ba949817e70af3a0c;ZW010446;/senaite/internal_clients/client19-1300;NULL;Client;"Nyamusosa Clinic";NULL;NULL;system;"2020-08-13 17:42:04";system;"2020-08-13 17:43:45"
03681a917bcb40be8c7418fcadb50fe2;ZW010630;/senaite/internal_clients/client19-1227;NULL;Client;"Mt Jenya Clinic";NULL;NULL;system;"2020-08-13 17:42:05";system;"2020-08-13 17:43:46"
0382b85879204267ba7be86f04b27a84;ZW010667;/senaite/internal_clients/client19-1212;NULL;Client;"Katiyo Clinic";NULL;NULL;system;"2020-08-13 17:42:05";system;"2020-08-13 17:43:46"
03d5d2d6d22c407aaf77f0e89af25641;ZW030809;/senaite/internal_clients/client19-863;NULL;Client;"Kushinga Rural Health Centre";NULL;NULL;system;"2020-08-13 17:42:00";system;"2020-08-13 17:43:40"
044ebd3b74af4632ac371485de30ae92;ZWdummy45;/senaite/internal_clients/client19-1531;NULL;Client;"Mliti clinic";NULL;NULL;system;"2020-08-13 17:42:01";system;"2020-08-13 17:43:41"
04d06ff903d3443786d9c405b3d63570;ZW01020A;/senaite/internal_clients/client19-1406;NULL;Client;"Biriiri Rural Hospital";NULL;NULL;system;"2020-08-13 17:42:03";system;"2020-08-13 17:43:43"
05269a5c81dc44bca315d7a4c86c594c;ZW010366;/senaite/internal_clients/client19-1350;NULL;Client;"New Year's Gift Clinic";NULL;NULL;system;"2020-08-13 17:42:04";system;"2020-08-13 17:43:44"
058ef19981334eddab89bc33fadecec4;ZW010264;/senaite/internal_clients/client19-1393;NULL;Client;"Roscommon Clinic";NULL;NULL;system;"2020-08-13 17:42:03";system;"2020-08-13 17:43:43"
05b47a03738f4f11a0114ee09380a11b;TEST-01;/senaite/clients/client-7;NULL;Client;"API Patient 01";NULL;NULL;system;"2020-08-13 17:42:01";system;"2020-08-13 17:43:40"
05fa01927b7b43fab860a2f259701f4c;ZW010591;/senaite/internal_clients/client19-1242;NULL;Client;"Chikwariro Clinic";NULL;NULL;system;"2020-08-13 17:42:05";system;"2020-08-13 17:43:45"
06d6b08d6eb64fdbb303f6d6ff919881;ZWdummy29;/senaite/internal_clients/client19-1515;NULL;Client;"Khami Staff Hospital";NULL;NULL;system;"2020-08-13 17:42:02";system;"2020-08-13 17:43:41"
077ad140c8fa4fbbab58d41c655636df;ZW000A17;/senaite/internal_clients/client19-1474;NULL;Client;"Hatcliffe Polyclinic";NULL;NULL;system;"2020-08-13 17:42:02";system;"2020-08-13 17:43:42"
07911ffb4fcc451abf6c520d4c0a68cc;ZW01010A;/senaite/internal_clients/client19-1436;NULL;Client;"Buhera Rural Hospital";NULL;NULL;system;"2020-08-13 17:42:03";system;"2020-08-13 17:43:43"
08508f21ea6c43ea89afe95d5c7f7b1a;CL124;/senaite/internal_clients/client-12;NULL;Client;"Clinic 2";NULL;NULL;system;"2020-08-13 17:42:01";system;"2020-08-13 17:43:41"
089836180e89416e8a49726c60a614ce;ZW000A10;/senaite/internal_clients/client19-1479;NULL;Client;"Eastlea FHS Clinic";NULL;NULL;system;"2020-08-13 17:42:02";system;"2020-08-13 17:43:42"
08a9c265c80a4473b4fa86d588ac7283;ZW010117;/senaite/internal_clients/client19-1432;NULL;Client;"Chimbudzi Clinic";NULL;NULL;system;"2020-08-13 17:42:03";system;"2020-08-13 17:43:43"
08b54d3576a640e699af46c0f4a88370;ZW010429;/senaite/internal_clients/client19-1317;NULL;Client;"Dumbabwe Clinic";NULL;NULL;system;"2020-08-13 17:42:04";system;"2020-08-13 17:43:44"
0907804c606c454d90c3cad9a426b409;TEST-HPA-02;/senaite/clients/client-19;NULL;Client;"Home Patient API 02";NULL;NULL;system;"2020-08-13 17:41:59";system;"2020-08-13 17:43:39"
099ee8888bcb4439b6b3d833cefee3a1;ZW03080B;/senaite/internal_clients/client19-861;NULL;Client;"Nyamuzuwe Rural Hospital";NULL;NULL;system;"2020-08-13 17:42:00";system;"2020-08-13 17:43:40"
09cabee2b07441429c3363cf8c59c4b7;ZW010135;/senaite/internal_clients/client19-1418;NULL;Client;"Mutiusinazita Clinic";NULL;NULL;system;"2020-08-13 17:42:03";system;"2020-08-13 17:43:43"
0a225dd50efc448cb0a76df5dcfed6c0;TEST-HPA-05;/senaite/clients/client-17;NULL;Client;"Home Patient API 05";NULL;NULL;system;"2020-08-13 17:41:59";system;"2020-08-13 17:43:39"
0a80a9aa08d44cab9876aebb521776d5;ZW010520;/senaite/internal_clients/client19-1271;NULL;Client;"Matanda Clinic";NULL;NULL;system;"2020-08-13 17:42:05";system;"2020-08-13 17:43:45"
0b3be1486ec945d2b3f6e6762ad76492;ZW010403;/senaite/internal_clients/client19-1342;NULL;Client;"Chinhenga Rural Health Centre";NULL;NULL;system;"2020-08-13 17:42:04";system;"2020-08-13 17:43:44"
0b40093759cf4c019ba13b6daf2b8107;ZW030812;/senaite/internal_clients/client19-855;NULL;Client;"Chikondoma Clinic";NULL;NULL;system;"2020-08-13 17:42:00";system;"2020-08-13 17:43:40"
0e6bbdc0cadf4778aa4eec6d7a1135eb;ZW030807;/senaite/internal_clients/client19-865;NULL;Client;"Nyamuzizi Rural Health Centre";NULL;NULL;system;"2020-08-13 17:42:00";system;"2020-08-13 17:43:40"
0e80eb1e3af74783a892bd0274dbeb81;ZW010402;/senaite/internal_clients/client19-1343;NULL;Client;"Chikobvore Rural Health Centre";NULL;NULL;system;"2020-08-13 17:42:04";system;"2020-08-13 17:43:44"
0f699366cae84f17bab84c12e01831ec;ZWdummy52;/senaite/internal_clients/client19-1538;NULL;Client;"Mutoko Army Clinic";NULL;NULL;system;"2020-08-13 17:42:01";system;"2020-08-13 17:43:41"
0fb0299abeac4c39a4490e8a1793bd7a;ZW030604;/senaite/internal_clients/client19-918;NULL;Client;"Kondo Rural Health Centre";NULL;NULL;system;"2020-08-13 17:42:00";system;"2020-08-13 17:43:39"
106e79349e2247bda8b3a00d2fa6676a;ZWdummy51;/senaite/internal_clients/client19-1537;NULL;Client;"Mutare ZPCS Remand Clinic";NULL;NULL;system;"2020-08-13 17:42:01";system;"2020-08-13 17:43:41"
10a25095092f43ff9df6a604472acc99;ZW030805;/senaite/internal_clients/client19-867;NULL;Client;"Kawere Rural Health Centre";NULL;NULL;system;"2020-08-13 17:42:00";system;"2020-08-13 17:43:40"
11423bf721874e068c7d4672fa96ae53;ZW030901;/senaite/internal_clients/client19-845;NULL;Client;"Acton Reynolds Rural Health Centre";NULL;NULL;system;"2020-08-13 17:42:01";system;"2020-08-13 17:43:40"
1224b3f3385f4032be4caa0096ce300a;ZW010328;/senaite/internal_clients/client19-1374;NULL;Client;"Kondo Clinic";NULL;NULL;system;"2020-08-13 17:42:03";system;"2020-08-13 17:43:44"
1232a53d18764104ad1ae621d9790557;TEST-01;/senaite/clients/client-10;NULL;Client;"API Patient 01";NULL;NULL;system;"2020-08-13 17:42:01";system;"2020-08-13 17:43:41"
142b66c0412b47378c7d34b2c545b532;ZW000A29;/senaite/internal_clients/client19-1464;NULL;Client;"Mufakose Clinic";NULL;NULL;system;"2020-08-13 17:42:02";system;"2020-08-13 17:43:42"
14a9c2f264574f149b3a00c1e3c57519;ZW030750;/senaite/internal_clients/client19-874;NULL;Client;"Muchinjike Rural Health Centre";NULL;NULL;system;"2020-08-13 17:42:00";system;"2020-08-13 17:43:40"
14eef43615b44d95bcb289707471c53f;ZWdummy10;/senaite/internal_clients/client19-1496;NULL;Client;"Chirogwe Clinic";NULL;NULL;system;"2020-08-13 17:42:02";system;"2020-08-13 17:43:42"
14f957e507314228b8571ebada24cc78;ZW010307;/senaite/internal_clients/client19-1389;NULL;Client;"Mabee Rural Health Centre";NULL;NULL;system;"2020-08-13 17:42:03";system;"2020-08-13 17:43:43"
151d14bff2b64d8eb7650adc481afd8e;ZW030806;/senaite/internal_clients/client19-866;NULL;Client;"Mushimbo Rural Health Centre";NULL;NULL;system;"2020-08-13 17:42:00";system;"2020-08-13 17:43:40"
15da0b5f92ea4c8da24cf4a769ed6ad0;ZW030990;/senaite/internal_clients/client19-830;NULL;Client;"Epworth Mission Clinic";NULL;NULL;system;"2020-08-13 17:42:01";system;"2020-08-13 17:43:40"
15df7c759e7347d3a9057cd8d3c30a62;ZW030926;/senaite/internal_clients/client19-833;NULL;Client;"Epworth Poly Clinic";NULL;NULL;system;"2020-08-13 17:42:01";system;"2020-08-13 17:43:40"
16a4137edc924ed08c8d5043a3b76c26;ZW01050G;/senaite/internal_clients/client19-1278;NULL;Client;"St Joseph's Mission Hospital";NULL;NULL;system;"2020-08-13 17:42:04";system;"2020-08-13 17:43:45"
175d7d51409d41e28847f4e1ca92c8ea;ZW010640;/senaite/internal_clients/client19-1219;NULL;Client;"Sakupwanya Clinic";NULL;NULL;system;"2020-08-13 17:42:05";system;"2020-08-13 17:43:46"
1773fefcfda04c9c92161db1d746fa6b;ZW030983;/senaite/internal_clients/client19-832;NULL;Client;"Derbyshire Clinic";NULL;NULL;system;"2020-08-13 17:42:01";system;"2020-08-13 17:43:40"
1a229199129e4c6aaa729fed35d273c0;ZW000A14;/senaite/internal_clients/client19-1476;NULL;Client;"Glen View Satellite Clinic";NULL;NULL;system;"2020-08-13 17:42:02";system;"2020-08-13 17:43:42"
1ae0d81ce1b04e138162709b505b208e;ZW03080E;/senaite/internal_clients/client19-858;NULL;Client;"Luisa Guidotti Mission Hospital";NULL;NULL;system;"2020-08-13 17:42:00";system;"2020-08-13 17:43:40"
1b407542ab3a4905975da681c89798a4;ZW030501;/senaite/internal_clients/client19-941;NULL;Client;"Border Church Rural Health Centre";NULL;NULL;system;"2020-08-13 17:41:59";system;"2020-08-13 17:43:39"
1be5c699f03b44c3a979c7e4dbf42206;ZWdummy68;/senaite/internal_clients/client19-1554;NULL;Client;"Shurugwi ZPS Clinic";NULL;NULL;system;"2020-08-13 17:42:01";system;"2020-08-13 17:43:41"
1c4b94def6b3478ea325b42412279982;ZW01050F;/senaite/internal_clients/client19-1279;NULL;Client;"St Andrew's Mission Hospital";NULL;NULL;system;"2020-08-13 17:42:04";system;"2020-08-13 17:43:45"
1dc6f50531d34ceb8571d42acb16589c;ZW010208;/senaite/internal_clients/client19-1407;NULL;Client;"Muchadziya Rural Health Centre";NULL;NULL;system;"2020-08-13 17:42:03";system;"2020-08-13 17:43:43"
1e2aa312aad44a43ac325472b84d586d;ZW010442;/senaite/internal_clients/client19-1304;NULL;Client;"Vengere Clinic";NULL;NULL;system;"2020-08-13 17:42:04";system;"2020-08-13 17:43:45"
1e47c0148e804a63a2b2247f4f493df7;ZW010697;/senaite/internal_clients/client19-1201;NULL;Client;"Jombe Clinic";NULL;NULL;system;"2020-08-13 17:42:05";system;"2020-08-13 17:43:46"
1f553fd052b644ddbdf77abf05a0eb75;ZW010437;/senaite/internal_clients/client19-1309;NULL;Client;"Era Mine Clinic";NULL;NULL;system;"2020-08-13 17:42:04";system;"2020-08-13 17:43:44"
1ffc2e0db0d3473c90273a7ce324bbcf;ZW010125;/senaite/internal_clients/client19-1428;NULL;Client;"Bangure Clinic";NULL;NULL;system;"2020-08-13 17:42:03";system;"2020-08-13 17:43:43"
20033af037f84b958aeaa49f1840bb23;ZW010419;/senaite/internal_clients/client19-1323;NULL;Client;"Nyahukwe Rural Health Centre";NULL;NULL;system;"2020-08-13 17:42:04";system;"2020-08-13 17:43:44"
20103fd4c71545e1af6e3f1be5df8ac9;ZWdummy72;/senaite/internal_clients/client19-1558;NULL;Client;"Sino Zimbabwe Clinic";NULL;NULL;system;"2020-08-13 17:42:01";system;"2020-08-13 17:43:41"
21332daba3c04241a7de87da56b9d092;ZW010669;/senaite/internal_clients/client19-1210;NULL;Client;"Drenane Clinic";NULL;NULL;system;"2020-08-13 17:42:05";system;"2020-08-13 17:43:46"
21e27ad30a1349639454a31e81d53205;ZW01010B;/senaite/internal_clients/client19-1435;NULL;Client;"Birchenough Bridge Hospital";NULL;NULL;system;"2020-08-13 17:42:03";system;"2020-08-13 17:43:43"
21f822e267f24859a7201955a524ce9d;ZW030603;/senaite/internal_clients/client19-919;NULL;Client;"Gozi Rural Health Centre";NULL;NULL;system;"2020-08-13 17:42:00";system;"2020-08-13 17:43:39"
222129abcb8b4a8ebed568bb950643b1;ZW030692;/senaite/internal_clients/client19-902;NULL;Client;"Dendera Clinic";NULL;NULL;system;"2020-08-13 17:42:00";system;"2020-08-13 17:43:39"
2292721ca4b348bbbd220e73cd032766;ZW030723;/senaite/internal_clients/client19-889;NULL;Client;"Chitowa 1 Clinic";NULL;NULL;system;"2020-08-13 17:42:00";system;"2020-08-13 17:43:40"
2293c864845b4ad28b7b1487b51d5132;ZWdummy66;/senaite/internal_clients/client19-1552;NULL;Client;"Santa Babra Clinic";NULL;NULL;system;"2020-08-13 17:42:01";system;"2020-08-13 17:43:41"
23ec5b507ddf479f93a22c631416819a;ZW030586;/senaite/internal_clients/client19-922;NULL;Client;"Waddilove School Clinic";NULL;NULL;system;"2020-08-13 17:41:59";system;"2020-08-13 17:43:39"
252aa03f138a443588bb9d05ac4bd76f;ZWdummy18;/senaite/internal_clients/client19-1504;NULL;Client;"Gokwe Prison Clinic";NULL;NULL;system;"2020-08-13 17:42:02";system;"2020-08-13 17:43:42"
2578b602c43e494ca096d93e389b180e;ZW010668;/senaite/internal_clients/client19-1211;NULL;Client;"Selbourne/Nyanga Pine Clinic";NULL;NULL;system;"2020-08-13 17:42:05";system;"2020-08-13 17:43:46"
25aed3ba6c3046e284965507962e334b;ZW010515;/senaite/internal_clients/client19-1273;NULL;Client;"Vumba Clinic";NULL;NULL;system;"2020-08-13 17:42:05";system;"2020-08-13 17:43:45"
261c1136957b4f8db2eddb23e48fff16;ZW010334;/senaite/internal_clients/client19-1368;NULL;Client;"Ngaone Clinic";NULL;NULL;system;"2020-08-13 17:42:03";system;"2020-08-13 17:43:44"
2624e1e0ec05442cb06c2ef0dde11249;ZW010426;/senaite/internal_clients/client19-1320;NULL;Client;"Chikore Clinic";NULL;NULL;system;"2020-08-13 17:42:04";system;"2020-08-13 17:43:44"
2804abc9b6f248c887f54b01a669c17b;ZW010401;/senaite/internal_clients/client19-1344;NULL;Client;"Bamba Rural Health Centre";NULL;NULL;system;"2020-08-13 17:42:04";system;"2020-08-13 17:43:44"
298c4749c0284cc6b3cc1b592ba310c0;ZW010692;/senaite/internal_clients/client19-1205;NULL;Client;"Honde Mission Clinic";NULL;NULL;system;"2020-08-13 17:42:05";system;"2020-08-13 17:43:46"
29911782a9d948a48cc78731355865b1;ZW010563;/senaite/internal_clients/client19-1246;NULL;Client;"Dangamvura Clinic";NULL;NULL;system;"2020-08-13 17:42:05";system;"2020-08-13 17:43:45"
29923a1949504ebaaeaa6547ea7c9487;ZW010435;/senaite/internal_clients/client19-1311;NULL;Client;"Toriro Clinic";NULL;NULL;system;"2020-08-13 17:42:04";system;"2020-08-13 17:43:44"
2bc45b893ae949c08aec162104cbe697;ZWdummy38;/senaite/internal_clients/client19-1524;NULL;Client;"Manyamba Clinic";NULL;NULL;system;"2020-08-13 17:42:02";system;"2020-08-13 17:43:41"
2bcf454b6a054496a306d303c0f7cb49;ZW010436;/senaite/internal_clients/client19-1310;NULL;Client;"Tsanzaguru Clinic";NULL;NULL;system;"2020-08-13 17:42:04";system;"2020-08-13 17:43:44"
2c1c959c6cd54567aaa84097e24279ee;ZW010104;/senaite/internal_clients/client19-1439;NULL;Client;"Mombeyarara Rural Health Centre";NULL;NULL;system;"2020-08-13 17:42:03";system;"2020-08-13 17:43:43"
2d4250975db54e0eb9641fd1c7a627e3;ZW01040E;/senaite/internal_clients/client19-1332;NULL;Client;"St Michael's Tanda Mission Hospital";NULL;NULL;system;"2020-08-13 17:42:04";system;"2020-08-13 17:43:44"
2e3c146761be4659883534badb64b995;ZW010175;/senaite/internal_clients/client19-1413;NULL;Client;"Dorowa Clinic";NULL;NULL;system;"2020-08-13 17:42:03";system;"2020-08-13 17:43:43"
2ec9f34527b3426e968a3f4e85e51794;ZW010481;/senaite/internal_clients/client19-1295;NULL;Client;"Mukuwapasi Rehab Clinic";NULL;NULL;system;"2020-08-13 17:42:04";system;"2020-08-13 17:43:45"
2eecfb7b58514e03a86170f6e315fbce;ZW01050E;/senaite/internal_clients/client19-1280;NULL;Client;"Marange Rural Hospital";NULL;NULL;system;"2020-08-13 17:42:04";system;"2020-08-13 17:43:45"
2f5454872ae949a0b2a377c868c9a499;ZW000B0C;/senaite/internal_clients/client19-1445;NULL;Client;"St Michaels 24 hr Clinic";NULL;NULL;system;"2020-08-13 17:42:02";system;"2020-08-13 17:43:43"
2f5899e4ca8043b68d16207dd4bf4f85;ZW000B03;/senaite/internal_clients/client19-1447;NULL;Client;"St Marys Clinic";NULL;NULL;system;"2020-08-13 17:42:02";system;"2020-08-13 17:43:42"
2fb9fbff8bf146b28266d8444634fd61;ZW01060E;/senaite/internal_clients/client19-1234;NULL;Client;"Triashill Mission Hospital";NULL;NULL;system;"2020-08-13 17:42:05";system;"2020-08-13 17:43:46"
304908248be648d381d89f4d0a14f92f;ZW010702;/senaite/internal_clients/client19-1199;NULL;Client;"Dombo Rural Health Centre";NULL;NULL;system;"2020-08-13 17:42:05";system;"2020-08-13 17:43:46"
3060ffbf6f41444cbd94223ee0edb042;ZW030447;/senaite/internal_clients/client19-942;NULL;Client;"Zviduri Clinic";NULL;NULL;system;"2020-08-13 17:41:59";system;"2020-08-13 17:43:39"
309e2237b6e446d6bed70dc9bea0dbb7;ZW01040D;/senaite/internal_clients/client19-1333;NULL;Client;"Nedewedzo Rural Hospital";NULL;NULL;system;"2020-08-13 17:42:04";system;"2020-08-13 17:43:44"
30abf86592f247feb7c7627d2a575c99;ZWdummy22;/senaite/internal_clients/client19-1508;NULL;Client;"Guruve ZPS Clinic";NULL;NULL;system;"2020-08-13 17:42:02";system;"2020-08-13 17:43:41"
311a05d3c3ff4a649717bbc96324e338;TEST-01;/senaite/clients/client-12;NULL;Client;"API Patient 01";NULL;NULL;system;"2020-08-13 17:42:01";system;"2020-08-13 17:43:41"
32474d50cf82407c9c293a1d3512dd8a;ZW030706;/senaite/internal_clients/client19-896;NULL;Client;"Munamba Rural Health Centre";NULL;NULL;system;"2020-08-13 17:42:00";system;"2020-08-13 17:43:39"
329a5bc9322440d5bad08281fe3b943a;ZW01020C;/senaite/internal_clients/client19-1404;NULL;Client;"Mutambara Mission Hospital";NULL;NULL;system;"2020-08-13 17:42:03";system;"2020-08-13 17:43:43"
32f0ee5cd76545be8d44709b656a1b01;ZWdummy36;/senaite/internal_clients/client19-1522;NULL;Client;"Makombe Clinic";NULL;NULL;system;"2020-08-13 17:42:02";system;"2020-08-13 17:43:41"
335b42995b2b447baa34806a23571d89;ZW010525;/senaite/internal_clients/client19-1268;NULL;Client;"Bakorenhema Clinic";NULL;NULL;system;"2020-08-13 17:42:05";system;"2020-08-13 17:43:45"
33be18dcd299490aafcf8169dbcfe367;ZWdummy61;/senaite/internal_clients/client19-1547;NULL;Client;"Overspill  Clinic";NULL;NULL;system;"2020-08-13 17:42:01";system;"2020-08-13 17:43:41"
34667d9746ae45ef974023c15f205353;ZWdummy60;/senaite/internal_clients/client19-1546;NULL;Client;"Nyashanu Mission Clinic";NULL;NULL;system;"2020-08-13 17:42:01";system;"2020-08-13 17:43:41"
347b8bd9eb2a4bcd8020b81a9d00c169;ZW01060D;/senaite/internal_clients/client19-1235;NULL;Client;"St Barbara Mission Hospital";NULL;NULL;system;"2020-08-13 17:42:05";system;"2020-08-13 17:43:46"
34a90680bb2243d983bb4d98771c5879;ZW010332;/senaite/internal_clients/client19-1370;NULL;Client;"Mutandahwe Clinic";NULL;NULL;system;"2020-08-13 17:42:03";system;"2020-08-13 17:43:44"
34b66999ef8749b8b14506cfdc14caa8;ZWdummy53;/senaite/internal_clients/client19-1539;NULL;Client;"Ndabambi Clinic";NULL;NULL;system;"2020-08-13 17:42:01";system;"2020-08-13 17:43:41"
358b18bc73db428b8ae334a49be31920;ZW010443;/senaite/internal_clients/client19-1303;NULL;Client;"Ringanayi Clinic";NULL;NULL;system;"2020-08-13 17:42:04";system;"2020-08-13 17:43:45"
3649371c01cf48f991914ebe0c5bfe96;ZW010349;/senaite/internal_clients/client19-1357;NULL;Client;"Chipinge Town Clinic";NULL;NULL;system;"2020-08-13 17:42:04";system;"2020-08-13 17:43:44"
36687c0d11bd473d8d58da4d93490a9c;ZW000A44;/senaite/internal_clients/client19-1455;NULL;Client;"Hatfield PC Clinic";NULL;NULL;system;"2020-08-13 17:42:02";system;"2020-08-13 17:43:42"
3684a170227945628c20664246829ccd;ZW000B01;/senaite/internal_clients/client19-1449;NULL;Client;"Seke South Clinic";NULL;NULL;system;"2020-08-13 17:42:02";system;"2020-08-13 17:43:42"
36c8ce719b3b47299408263387f78f79;ZWdummy56;/senaite/internal_clients/client19-1542;NULL;Client;"Nyamande Clinic";NULL;NULL;system;"2020-08-13 17:42:01";system;"2020-08-13 17:43:41"
3709b118771d49128abcf68522225a2d;ZW01020D;/senaite/internal_clients/client19-1403;NULL;Client;"Rusitu Mission Hospital";NULL;NULL;system;"2020-08-13 17:42:03";system;"2020-08-13 17:43:43"
37c41e16e6b14bcbad55eba95d88ac5d;ZW030503;/senaite/internal_clients/client19-939;NULL;Client;"Dimbiti Rural Health Centre";NULL;NULL;system;"2020-08-13 17:41:59";system;"2020-08-13 17:43:39"
38ebe22267964f5f86ee188705ddf221;ZW030747;/senaite/internal_clients/client19-877;NULL;Client;"Waterloo Clinic";NULL;NULL;system;"2020-08-13 17:42:00";system;"2020-08-13 17:43:40"
39232e10d8974910bf442c2097fe7e21;ZW030808;/senaite/internal_clients/client19-864;NULL;Client;"Nyadiri Rural Health Centre";NULL;NULL;system;"2020-08-13 17:42:00";system;"2020-08-13 17:43:40"
393aa09b6c47486fba88cf27c2009782;ZW010106;/senaite/internal_clients/client19-1437;NULL;Client;"Zangama Rural Health Centre";NULL;NULL;system;"2020-08-13 17:42:03";system;"2020-08-13 17:43:43"
39b0fc2bb1d34d048fdb03f2c99568ad;ZW010491;/senaite/internal_clients/client19-1293;NULL;Client;"Nyazura Mission Clinic";NULL;NULL;system;"2020-08-13 17:42:04";system;"2020-08-13 17:43:45"
3a1fbb16d8b1407b837b30863e86201f;ZW010642;/senaite/internal_clients/client19-1217;NULL;Client;"Samaringa Clinic";NULL;NULL;system;"2020-08-13 17:42:05";system;"2020-08-13 17:43:46"
3a44678474764f8b99e68ff58af0588d;ZW010635;/senaite/internal_clients/client19-1223;NULL;Client;"Zindi Rural Health Centre";NULL;NULL;system;"2020-08-13 17:42:05";system;"2020-08-13 17:43:46"
3a447bc14ad743a8a84814cd0f4d7f1c;ZW010127;/senaite/internal_clients/client19-1426;NULL;Client;"Chapanduka Clinic";NULL;NULL;system;"2020-08-13 17:42:03";system;"2020-08-13 17:43:43"
3a8ebbbd51fd4c5d8acf7b6ac629ae4b;ZW000A08;/senaite/internal_clients/client19-1483;NULL;Client;"Breaside FHS Clinic";NULL;NULL;system;"2020-08-13 17:42:02";system;"2020-08-13 17:43:42"
3afa51d368114550a8e8be8f67758983;ZW010541;/senaite/internal_clients/client19-1253;NULL;Client;"Dora Clinic";NULL;NULL;system;"2020-08-13 17:42:05";system;"2020-08-13 17:43:45"
3b8bb7ed606c4388933dc8a0c9412264;ZW030814;/senaite/internal_clients/client19-854;NULL;Client;"Chidye Clinic";NULL;NULL;system;"2020-08-13 17:42:00";system;"2020-08-13 17:43:40"
3bd7c8d18f5545ebb7bfb0908ca99205;ZW010562;/senaite/internal_clients/client19-1247;NULL;Client;"Chikanga Clinic";NULL;NULL;system;"2020-08-13 17:42:05";system;"2020-08-13 17:43:45"
3c370c5cde25468ca4aeb888285085b4;TEST-002;/senaite/internal_clients/client-4;NULL;Client;"API TEST 02";NULL;NULL;system;"2020-08-13 17:41:59";system;"2020-08-13 17:43:39"
3c89bdc2bf094f8bb10a874bdf6302d4;ZWdummy33;/senaite/internal_clients/client19-1519;NULL;Client;"Lupane Prison";NULL;NULL;system;"2020-08-13 17:42:02";system;"2020-08-13 17:43:41"
3ca8f58c3a2a470fb412c4fa2fefc7fa;ZW010340;/senaite/internal_clients/client19-1362;NULL;Client;"Maparadza Clinic";NULL;NULL;system;"2020-08-13 17:42:04";system;"2020-08-13 17:43:44"
3cecf2cee133431ca2d4fabc8aafadbf;ZW010665;/senaite/internal_clients/client19-1213;NULL;Client;"Haparari Clinic";NULL;NULL;system;"2020-08-13 17:42:05";system;"2020-08-13 17:43:46"
3eea13ad4d134ea2a0f23567f8b1605a;ZW010201;/senaite/internal_clients/client19-1412;NULL;Client;"Bumba Rural Health Centre";NULL;NULL;system;"2020-08-13 17:42:03";system;"2020-08-13 17:43:43"
3f32a4fd1be2493d9b80172d54a5128f;ZW010116;/senaite/internal_clients/client19-1433;NULL;Client;"Mudawose Clinic";NULL;NULL;system;"2020-08-13 17:42:03";system;"2020-08-13 17:43:43"
3f904512c09a4b06ae5a87ea36411e45;ZW000B0D;/senaite/internal_clients/client19-1444;NULL;Client;"Manyame 24 hr  Medical";NULL;NULL;system;"2020-08-13 17:42:03";system;"2020-08-13 17:43:43"
3f94ade5be3e48dcafdda6df78371933;ZW010371;/senaite/internal_clients/client19-1347;NULL;Client;"Ratelshoek Clinic";NULL;NULL;system;"2020-08-13 17:42:04";system;"2020-08-13 17:43:44"
3fa8f05fbf484dfda65c3b5aa02b05d0;ZW010346;/senaite/internal_clients/client19-1360;NULL;Client;"Chiriga Clinic";NULL;NULL;system;"2020-08-13 17:42:04";system;"2020-08-13 17:43:44"
400c31bd21b74a649c5234696dcd2c51;ZW030732;/senaite/internal_clients/client19-880;NULL;Client;"Ngwerume Rural Health Centre";NULL;NULL;system;"2020-08-13 17:42:00";system;"2020-08-13 17:43:40"
40198e72782d435badf6cd9271b4e2fb;ZW030905;/senaite/internal_clients/client19-841;NULL;Client;"Masasa Rural Health Centre";NULL;NULL;system;"2020-08-13 17:42:01";system;"2020-08-13 17:43:40"
419d574a8ca74499b6728f6529ec5c58;ZW010506;/senaite/internal_clients/client19-1287;NULL;Client;"Muromo Rural Health Centre";NULL;NULL;system;"2020-08-13 17:42:04";system;"2020-08-13 17:43:45"
41ca3dc24be34b4c8aea46ee9478495f;ZWdummy25;/senaite/internal_clients/client19-1511;NULL;Client;"Hurungwe ZRP Camp Clinic";NULL;NULL;system;"2020-08-13 17:42:02";system;"2020-08-13 17:43:41"
43c1450cf6f74d32b048454bb63d1b8a;ZW000A21;/senaite/internal_clients/client19-1470;NULL;Client;"Mabelreign Clinic";NULL;NULL;system;"2020-08-13 17:42:02";system;"2020-08-13 17:43:42"
444448d892ef4a4a88974d98bddfef3c;ZWdummy46;/senaite/internal_clients/client19-1532;NULL;Client;"Mudzi Camp Clinic";NULL;NULL;system;"2020-08-13 17:42:01";system;"2020-08-13 17:43:41"
4499093c5c384ecda11f32bae65262b2;ZWdummy03;/senaite/internal_clients/client19-1489;NULL;Client;"Borrowdale PC Clinic";NULL;NULL;system;"2020-08-13 17:42:02";system;"2020-08-13 17:43:42"
44f158580b454dc2bb4a8a68254016c3;ZW010413;/senaite/internal_clients/client19-1327;NULL;Client;"Matotwe Rural Health Centre";NULL;NULL;system;"2020-08-13 17:42:04";system;"2020-08-13 17:43:44"
45ae5c96f49e4b6394a3e12e3c450490;ZW010625;/senaite/internal_clients/client19-1232;NULL;Client;"Chitombo Clinic";NULL;NULL;system;"2020-08-13 17:42:05";system;"2020-08-13 17:43:46"
46997f9c3df047848c7e53833bf69bf0;ZWdummy20;/senaite/internal_clients/client19-1506;NULL;Client;"Goromonzi ZPS Clinic";NULL;NULL;system;"2020-08-13 17:42:02";system;"2020-08-13 17:43:41"
46d2f194e32046238d90b8ec967ce905;ZW03060A;/senaite/internal_clients/client19-914;NULL;Client;"Kotwa District Hospital";NULL;NULL;system;"2020-08-13 17:42:00";system;"2020-08-13 17:43:39"
488b01dfb70547109109bcdaeb7d27ff;ZW010345;/senaite/internal_clients/client19-1361;NULL;Client;"Chipangayi Clinic";NULL;NULL;system;"2020-08-13 17:42:04";system;"2020-08-13 17:43:44"
48ae9560ab074ba5adf3789128abb85a;ZW010526;/senaite/internal_clients/client19-1267;NULL;Client;"Bezely Bridge Clinic";NULL;NULL;system;"2020-08-13 17:42:05";system;"2020-08-13 17:43:45"
4900719565694b6eb221205417e23507;ZW000A01;/senaite/internal_clients/client19-1486;NULL;Client;"Avondale Clinic";NULL;NULL;system;"2020-08-13 17:42:02";system;"2020-08-13 17:43:42"
499a41f3475f43db8107a1bd607362de;ZWdummy21;/senaite/internal_clients/client19-1507;NULL;Client;"Guni RHC";NULL;NULL;system;"2020-08-13 17:42:02";system;"2020-08-13 17:43:41"
4a10cb00c9af4737929a19d46d72b862;ZWdummy64;/senaite/internal_clients/client19-1550;NULL;Client;"Ruponeso Clinic";NULL;NULL;system;"2020-08-13 17:42:01";system;"2020-08-13 17:43:41"
4b00b73e0045436f876a16a5d3b9dc27;ZW010351;/senaite/internal_clients/client19-1355;NULL;Client;"Nyunga Clinic";NULL;NULL;system;"2020-08-13 17:42:04";system;"2020-08-13 17:43:44"
4b78ceb38d05498b9bc37c78937c3ce9;ZW010131;/senaite/internal_clients/client19-1422;NULL;Client;"Chiwese Clinic";NULL;NULL;system;"2020-08-13 17:42:03";system;"2020-08-13 17:43:43"
4bd47c42c4d8444184f9381c442d3160;ZW010521;/senaite/internal_clients/client19-1270;NULL;Client;"Leekuil Takunda Clinic";NULL;NULL;system;"2020-08-13 17:42:05";system;"2020-08-13 17:43:45"
4c03e2eb729c43fd982d9523101a5a7c;ZW030606;/senaite/internal_clients/client19-916;NULL;Client;"Masarakufa Rural Health Centre";NULL;NULL;system;"2020-08-13 17:42:00";system;"2020-08-13 17:43:39"
4d279d1782b640a094f82f763133441a;ZW030693;/senaite/internal_clients/client19-901;NULL;Client;"Nyahuku Clinic";NULL;NULL;system;"2020-08-13 17:42:00";system;"2020-08-13 17:43:39"
4d2fa0f8dddb4b5dbd0ac27f66633470;ZW010507;/senaite/internal_clients/client19-1286;NULL;Client;"St Werburghs Clinic";NULL;NULL;system;"2020-08-13 17:42:04";system;"2020-08-13 17:43:45"
4d87d49f26644eaba932136b68e0d469;ZW010119;/senaite/internal_clients/client19-1430;NULL;Client;"Munyanyi Clinic";NULL;NULL;system;"2020-08-13 17:42:03";system;"2020-08-13 17:43:43"
4d8d5ccaf43e46bba3e743c96813c49e;ZW03070C;/senaite/internal_clients/client19-891;NULL;Client;"Nhowe Mission Hospital";NULL;NULL;system;"2020-08-13 17:42:00";system;"2020-08-13 17:43:40"
4ed090f049d34a01966d28b55435a8ee;ZWdummy67;/senaite/internal_clients/client19-1553;NULL;Client;"Sanyathi Mine";NULL;NULL;system;"2020-08-13 17:42:01";system;"2020-08-13 17:43:41"
4ef9fa212bf541ceb9b492ded8f0faf2;ZW010492;/senaite/internal_clients/client19-1292;NULL;Client;"Arnoldine Mission Clinic";NULL;NULL;system;"2020-08-13 17:42:04";system;"2020-08-13 17:43:45"
4f0c34ede78e4b8b9f2e78a63fecab47;ZWdummy55;/senaite/internal_clients/client19-1541;NULL;Client;"Nkayi ZPS Clinic";NULL;NULL;system;"2020-08-13 17:42:01";system;"2020-08-13 17:43:41"
4f68a8cf59a7405e8da7e62ecae272fb;ZW030563;/senaite/internal_clients/client19-924;NULL;Client;"Nyembanzvere Clinic";NULL;NULL;system;"2020-08-13 17:41:59";system;"2020-08-13 17:43:39"
4f83389b0ea9407b80c3aa2a02f5abe3;ZW010231;/senaite/internal_clients/client19-1397;NULL;Client;"Ngorima Clinic";NULL;NULL;system;"2020-08-13 17:42:03";system;"2020-08-13 17:43:43"
4f96ba6e6e634f42b2a77513c4cff37b;ZW03090A;/senaite/internal_clients/client19-840;NULL;Client;"Beatrice Rural Hospital";NULL;NULL;system;"2020-08-13 17:42:01";system;"2020-08-13 17:43:40"
4fbbf5d8d9da4edcae3d3384173f809a;ZW010126;/senaite/internal_clients/client19-1427;NULL;Client;"Chabata Clinic";NULL;NULL;system;"2020-08-13 17:42:03";system;"2020-08-13 17:43:43"
50000cf722584b3ea51ed378af1a27ea;ZW010535;/senaite/internal_clients/client19-1259;NULL;Client;"Mushunje Clinic";NULL;NULL;system;"2020-08-13 17:42:05";system;"2020-08-13 17:43:45"
5010b89f8ffc4b328174f9010ea46674;ZW010138;/senaite/internal_clients/client19-1415;NULL;Client;"Rambanepasi Clinic";NULL;NULL;system;"2020-08-13 17:42:03";system;"2020-08-13 17:43:43"
5012a49000e040c8af955bcf6dd816a8;ZW000A19;/senaite/internal_clients/client19-1472;NULL;Client;"Kambuzuma Polyclinic";NULL;NULL;system;"2020-08-13 17:42:02";system;"2020-08-13 17:43:42"
50898c9481c64cc6aa31d2a589d0d514;ZWdummy30;/senaite/internal_clients/client19-1516;NULL;Client;"Kuwadzana Satellite Clinic";NULL;NULL;system;"2020-08-13 17:42:02";system;"2020-08-13 17:43:41"
50a3a10f51ae4ddd8d663b8194198819;ZW030628;/senaite/internal_clients/client19-910;NULL;Client;"Masenda Clinic";NULL;NULL;system;"2020-08-13 17:42:00";system;"2020-08-13 17:43:39"
51188e90004e4669bb184503d9b85711;ZW000A38;/senaite/internal_clients/client19-1459;NULL;Client;"Tafara FHS Clinic";NULL;NULL;system;"2020-08-13 17:42:02";system;"2020-08-13 17:43:42"
514614d1f1b249f0a09081be60c8cf04;ZW010509;/senaite/internal_clients/client19-1284;NULL;Client;"Mount Zuma Clinic";NULL;NULL;system;"2020-08-13 17:42:04";system;"2020-08-13 17:43:45"
52ed3db8344d4e13b17a30252e351dd0;ZW01030B;/senaite/internal_clients/client19-1387;NULL;Client;"Chikore Mission Hospital";NULL;NULL;system;"2020-08-13 17:42:03";system;"2020-08-13 17:43:43"
53cee85c8d0c41449ccbdd9e8f4fe97c;ZW030502;/senaite/internal_clients/client19-940;NULL;Client;"Chimbwanda Rural Health Centre";NULL;NULL;system;"2020-08-13 17:41:59";system;"2020-08-13 17:43:39"
54288447c082407eaa5b6dc2e29cb59f;ZW030513;/senaite/internal_clients/client19-931;NULL;Client;"Ridigita Prison Clinic";NULL;NULL;system;"2020-08-13 17:41:59";system;"2020-08-13 17:43:39"
54357b5320874e3e8239abed01f20db6;ZWdummy04;/senaite/internal_clients/client19-1490;NULL;Client;"Bulawayo ZPS Clinic";NULL;NULL;system;"2020-08-13 17:42:02";system;"2020-08-13 17:43:42"
548a19a702784684856fd5fce1191c45;ZW010202;/senaite/internal_clients/client19-1411;NULL;Client;"Changazi Rural Health Centre";NULL;NULL;system;"2020-08-13 17:42:03";system;"2020-08-13 17:43:43"
54a0f088071f4d09b9723d53073298d2;ZW01030C;/senaite/internal_clients/client19-1386;NULL;Client;"Mt Selinda Hospital";NULL;NULL;system;"2020-08-13 17:42:03";system;"2020-08-13 17:43:43"
5533178a206143419d3e92754fa7ff9e;ZW03080D;/senaite/internal_clients/client19-859;NULL;Client;"Nyadiri Mission Hospital";NULL;NULL;system;"2020-08-13 17:42:00";system;"2020-08-13 17:43:40"
56272646d8674e269c3f0b26367dc2e2;ZW010405;/senaite/internal_clients/client19-1340;NULL;Client;"Chinyika 2 Rural Health Centre";NULL;NULL;system;"2020-08-13 17:42:04";system;"2020-08-13 17:43:44"
5685054e0d434edb9004a215aafdd512;ZW010539;/senaite/internal_clients/client19-1255;NULL;Client;"Zimunya Clinic";NULL;NULL;system;"2020-08-13 17:42:05";system;"2020-08-13 17:43:45"
5690b85ea35e443f892809fea313a449;ZW000A26;/senaite/internal_clients/client19-1467;NULL;Client;"Mbare Hostels Clinic";NULL;NULL;system;"2020-08-13 17:42:02";system;"2020-08-13 17:43:42"
56ed41c48c79401da07fc3197cb6274e;ZW010603;/senaite/internal_clients/client19-1239;NULL;Client;"Sherukuru Rural Health Centre";NULL;NULL;system;"2020-08-13 17:42:05";system;"2020-08-13 17:43:45"
57a3065fb0b140318f9f466c6b3cc5bf;ZW010232;/senaite/internal_clients/client19-1396;NULL;Client;"Shinja Clinic";NULL;NULL;system;"2020-08-13 17:42:03";system;"2020-08-13 17:43:43"
57da1c6e45ea496896ce6493941bf0ee;ZW01060A;/senaite/internal_clients/client19-1238;NULL;Client;"Tsonzo Rural Hospital";NULL;NULL;system;"2020-08-13 17:42:05";system;"2020-08-13 17:43:46"
5914979e5eaa4215bf57022a748b5b83;ZW010372;/senaite/internal_clients/client19-1346;NULL;Client;"Zona Clinic";NULL;NULL;system;"2020-08-13 17:42:04";system;"2020-08-13 17:43:44"
596b0aa1336c454ba3628742489ea33e;ZW03080A;/senaite/internal_clients/client19-862;NULL;Client;"Mutoko District Hospital";NULL;NULL;system;"2020-08-13 17:42:00";system;"2020-08-13 17:43:40"
59b8e579d1294bcc8e5fa4b6f62827f9;ZWdummy13;/senaite/internal_clients/client19-1499;NULL;Client;"Chitungwiza Central Hospital";NULL;NULL;system;"2020-08-13 17:42:02";system;"2020-08-13 17:43:42"
59e375d076094622b5232573d2426500;ZW000A34;/senaite/internal_clients/client19-1462;NULL;Client;"Rutsanana Polyclinic";NULL;NULL;system;"2020-08-13 17:42:02";system;"2020-08-13 17:43:42"
5a721c95e4ed46f58c536e0054a81dee;ZW010643;/senaite/internal_clients/client19-1216;NULL;Client;"Zongoro Clinic";NULL;NULL;system;"2020-08-13 17:42:05";system;"2020-08-13 17:43:46"
5b09d3387cd94870a2572966e22b31ea;ZW030898;/senaite/internal_clients/client19-847;NULL;Client;"Kowo Clinic";NULL;NULL;system;"2020-08-13 17:42:01";system;"2020-08-13 17:43:40"
5b80b92154ce4c4eb34a8ac3fa2742a2;ZW030633;/senaite/internal_clients/client19-905;NULL;Client;"Suswe Clinic";NULL;NULL;system;"2020-08-13 17:42:00";system;"2020-08-13 17:43:39"
5be1217a16aa4689acf53efbb360c37f;ZW010333;/senaite/internal_clients/client19-1369;NULL;Client;"Mutema Clinic";NULL;NULL;system;"2020-08-13 17:42:03";system;"2020-08-13 17:43:44"
5c1b5c6abf77474e802593449277a17a;ZW010508;/senaite/internal_clients/client19-1285;NULL;Client;"Chiwere Clinic";NULL;NULL;system;"2020-08-13 17:42:04";system;"2020-08-13 17:43:45"
5cd76dbdcc694b17af2b736952f0f94e;ZWdummy31;/senaite/internal_clients/client19-1517;NULL;Client;"Kwekwe ZPS Clinic";NULL;NULL;system;"2020-08-13 17:42:02";system;"2020-08-13 17:43:41"
5e07abcd99694171ac206501c24816dd;ZW030607;/senaite/internal_clients/client19-915;NULL;Client;"Nyamanyora Rural Health Centre";NULL;NULL;system;"2020-08-13 17:42:00";system;"2020-08-13 17:43:39"
5f6497ff403c4b268f209fca48626b3f;ZW010329;/senaite/internal_clients/client19-1373;NULL;Client;"Madhuko Clinic";NULL;NULL;system;"2020-08-13 17:42:03";system;"2020-08-13 17:43:44"
5f6d38362a9d410dba01eecbb86cc0f3;ZW010638;/senaite/internal_clients/client19-1221;NULL;Client;"Sagambe Clinic";NULL;NULL;system;"2020-08-13 17:42:05";system;"2020-08-13 17:43:46"
5fce0f6c46364ec993ebaba38ee2fb7f;ZW010409;/senaite/internal_clients/client19-1337;NULL;Client;"Gowakowa Rural Health Centre";NULL;NULL;system;"2020-08-13 17:42:04";system;"2020-08-13 17:43:44"
603e0c728caf4c67b7e37a6b2e410bbd;ZW010327;/senaite/internal_clients/client19-1375;NULL;Client;"Hwakwata Clinic";NULL;NULL;system;"2020-08-13 17:42:03";system;"2020-08-13 17:43:44"
61039bfbcd3945f79939a1d049ed752f;ZW000A02;/senaite/internal_clients/client19-1485;NULL;Client;"Arcadia PC Clinic";NULL;NULL;system;"2020-08-13 17:42:02";system;"2020-08-13 17:43:42"
6237ae14cd47414d868238edde0523f1;ZW030707;/senaite/internal_clients/client19-895;NULL;Client;"Murehwa ZRP Clinic";NULL;NULL;system;"2020-08-13 17:42:00";system;"2020-08-13 17:43:39"
6244bbe0bb4844fbb0b9abc9f675f5b7;ZW010432;/senaite/internal_clients/client19-1314;NULL;Client;"Mukamba Clinic";NULL;NULL;system;"2020-08-13 17:42:04";system;"2020-08-13 17:43:44"
635f221ce3054311b062df7a83fadfbd;ZW030921;/senaite/internal_clients/client19-838;NULL;Client;"Charakupa Clinic";NULL;NULL;system;"2020-08-13 17:42:01";system;"2020-08-13 17:43:40"
639a4f80b0e243fa8b2a2863f3f21898;ZW01040A;/senaite/internal_clients/client19-1336;NULL;Client;"Rusape District Hospital";NULL;NULL;system;"2020-08-13 17:42:04";system;"2020-08-13 17:43:44"
658e53f390824bdba7ed2708b46f1836;ZW010325;/senaite/internal_clients/client19-1377;NULL;Client;"Chibuwe Clinic";NULL;NULL;system;"2020-08-13 17:42:03";system;"2020-08-13 17:43:44"
659881511d9a4a70b1c6b8e6aa764ddc;ZWdummy19;/senaite/internal_clients/client19-1505;NULL;Client;"Goromonzi Clinic";NULL;NULL;system;"2020-08-13 17:42:02";system;"2020-08-13 17:43:41"
65b6d816be9242b08ea8a94c44bd634c;ZW010434;/senaite/internal_clients/client19-1312;NULL;Client;"Tandi Clinic";NULL;NULL;system;"2020-08-13 17:42:04";system;"2020-08-13 17:43:44"
65b99df4174249c6ad97e80d45ff5236;ZW030630;/senaite/internal_clients/client19-908;NULL;Client;"Nyamatawa Clinic";NULL;NULL;system;"2020-08-13 17:42:00";system;"2020-08-13 17:43:39"
66d635b2733c4ac487ff0a2f864350f5;ZW000A20;/senaite/internal_clients/client19-1471;NULL;Client;"Kuwadzana Polyclinic";NULL;NULL;system;"2020-08-13 17:42:02";system;"2020-08-13 17:43:42"
671bb8a5c4d040f5b3f554287f7302cb;ZW030727;/senaite/internal_clients/client19-885;NULL;Client;"Kadzere Rural Health Centre";NULL;NULL;system;"2020-08-13 17:42:00";system;"2020-08-13 17:43:40"
67726a5649e8438f8a986339fc4d67c9;ZW000A28;/senaite/internal_clients/client19-1465;NULL;Client;"Mt Pleasant Clinic";NULL;NULL;system;"2020-08-13 17:42:02";system;"2020-08-13 17:43:42"
6789af6c38234fa7ab070c8797530b5a;ZW030748;/senaite/internal_clients/client19-876;NULL;Client;"Welcome Home Rural Health Centre";NULL;NULL;system;"2020-08-13 17:42:00";system;"2020-08-13 17:43:40"
6789ce622e1946be9b9ce3214ea3b26b;ZW010410;/senaite/internal_clients/client19-1330;NULL;Client;"Katsenga Rural Health Centre";NULL;NULL;system;"2020-08-13 17:42:04";system;"2020-08-13 17:43:44"
67b2f7320ed04b2f8400ffbcbfa17ceb;ZW010367;/senaite/internal_clients/client19-1349;NULL;Client;"Silver Stream Clinic";NULL;NULL;system;"2020-08-13 17:42:04";system;"2020-08-13 17:43:44"
67f3a2c71a0d43b982f46f2f47cb1739;ZW030731;/senaite/internal_clients/client19-881;NULL;Client;"Matututu Clinic";NULL;NULL;system;"2020-08-13 17:42:00";system;"2020-08-13 17:43:40"
6843900fee7f47f790ee6bbb41cee17b;ZW030504;/senaite/internal_clients/client19-938;NULL;Client;"Kushinga Phikhelela Clinic";NULL;NULL;system;"2020-08-13 17:41:59";system;"2020-08-13 17:43:39"
68751ca2ec7a424f90f917a147833880;ZW010314;/senaite/internal_clients/client19-1382;NULL;Client;"Tanganda Rural Health Centre";NULL;NULL;system;"2020-08-13 17:42:03";system;"2020-08-13 17:43:43"
68c823c6f0dd4f2a87aa1a7ad49a4f6a;ZW030708;/senaite/internal_clients/client19-894;NULL;Client;"Murewa ZPS Clinic";NULL;NULL;system;"2020-08-13 17:42:00";system;"2020-08-13 17:43:39"
6a5d57b45fc549b39876130a44e9ea82;ZW010441;/senaite/internal_clients/client19-1305;NULL;Client;"Mubvurungwa Clinic";NULL;NULL;system;"2020-08-13 17:42:04";system;"2020-08-13 17:43:44"
6a95823ac3a94f7a8e5e3949607d59ab;ZW010537;/senaite/internal_clients/client19-1257;NULL;Client;"Rowa Clinic";NULL;NULL;system;"2020-08-13 17:42:05";system;"2020-08-13 17:43:45"
6ace503b4ca64dadb2d05366296d0012;ZW010545;/senaite/internal_clients/client19-1250;NULL;Client;"Burma Valley Clinic";NULL;NULL;system;"2020-08-13 17:42:05";system;"2020-08-13 17:43:45"
6af944e1435149a997da99928c1b03ed;ZW010543;/senaite/internal_clients/client19-1252;NULL;Client;"Chishingwi Clinic";NULL;NULL;system;"2020-08-13 17:42:05";system;"2020-08-13 17:43:45"
6b074d7ef14a4f359052624ea371df34;ZW03080C;/senaite/internal_clients/client19-860;NULL;Client;"Makosa Rural Hospital";NULL;NULL;system;"2020-08-13 17:42:00";system;"2020-08-13 17:43:40"
6b6a34c23a654c889059ce44d7496427;ZW030730;/senaite/internal_clients/client19-882;NULL;Client;"Craiglea Clinic";NULL;NULL;system;"2020-08-13 17:42:00";system;"2020-08-13 17:43:40"
6bb944131dc14c3fac928714d3840cd8;ZW010420;/senaite/internal_clients/client19-1322;NULL;Client;"Nyamukamani Rural Health Centre";NULL;NULL;system;"2020-08-13 17:42:04";system;"2020-08-13 17:43:44"
6beaca9cf48a408092189538f2d35289;ZW030902;/senaite/internal_clients/client19-844;NULL;Client;"Zhakata Rural Health Centre";NULL;NULL;system;"2020-08-13 17:42:01";system;"2020-08-13 17:43:40"
6c34d16d36ad4514a43d86e637afd0f7;ZW010626;/senaite/internal_clients/client19-1231;NULL;Client;"Guta Clinic";NULL;NULL;system;"2020-08-13 17:42:05";system;"2020-08-13 17:43:46"
6c4e61777f4b462592d3b8b6ca54b33a;ZW000A39;/senaite/internal_clients/client19-1458;NULL;Client;"Warren Park polyclinic";NULL;NULL;system;"2020-08-13 17:42:02";system;"2020-08-13 17:43:42"
6ce1850773d544fb9f7b3a35a4f12938;ZWdummy23;/senaite/internal_clients/client19-1509;NULL;Client;"Gweru Child Welfare Clinic";NULL;NULL;system;"2020-08-13 17:42:02";system;"2020-08-13 17:43:41"
6e619c9d09db4144a8a0c7064e91de51;ZW010502;/senaite/internal_clients/client19-1290;NULL;Client;"Chiadzwa Rural Health Centre";NULL;NULL;system;"2020-08-13 17:42:04";system;"2020-08-13 17:43:45"
6eb003a077074614bb45d0fde5a1a85f;ZW010627;/senaite/internal_clients/client19-1230;NULL;Client;"Hauna Clinic";NULL;NULL;system;"2020-08-13 17:42:05";system;"2020-08-13 17:43:46"
706603dce990470faf0b20a093f6898b;TEST-0466;/senaite/internal_clients/client-5;NULL;Client;"API TEst 0009w1";NULL;NULL;system;"2020-08-13 17:41:59";system;"2020-08-13 17:43:39"
706de629c9ab4295836c3e6d3107b56e;ZWdummy26;/senaite/internal_clients/client19-1512;NULL;Client;"Kadoma ZRP Camp Clinic";NULL;NULL;system;"2020-08-13 17:42:02";system;"2020-08-13 17:43:41"
7167f41574a0445482b09ec3b00fc6cb;ZW030724;/senaite/internal_clients/client19-888;NULL;Client;"Chitowa 2 Clinic";NULL;NULL;system;"2020-08-13 17:42:00";system;"2020-08-13 17:43:40"
71b8d27734f44100895dcdc5d0d5aa8b;ZW030626;/senaite/internal_clients/client19-912;NULL;Client;"Kapotesa Clinic";NULL;NULL;system;"2020-08-13 17:42:00";system;"2020-08-13 17:43:39"
71bd7a3acd9a4f63ade97a6f5eae4b77;ZW040102;/senaite/internal_clients/client19-829;NULL;Client;"Gora Rural Health Centre";NULL;NULL;system;"2020-08-13 17:42:01";system;"2020-08-13 17:43:40"
71d96724d3b341889f0baf1bb5c0204b;ZW010544;/senaite/internal_clients/client19-1251;NULL;Client;"Chipendeke Clinic";NULL;NULL;system;"2020-08-13 17:42:05";system;"2020-08-13 17:43:45"
733c08574fe44f048ccc4c10f9935f44;CL123;/senaite/internal_clients/client-11;NULL;Client;"Clinic 1";NULL;NULL;system;"2020-08-13 17:42:01";system;"2020-08-13 17:43:41"
73debcc8f25143e0be5a3eb20fdd8362;ZWdummy39;/senaite/internal_clients/client19-1525;NULL;Client;"Masuka Clinic";NULL;NULL;system;"2020-08-13 17:42:02";system;"2020-08-13 17:43:41"
73f326d8f8334911a5997248bef17b8e;ZW010326;/senaite/internal_clients/client19-1376;NULL;Client;"Gumira Clinic";NULL;NULL;system;"2020-08-13 17:42:03";system;"2020-08-13 17:43:44"
73f431fa511f44569d1954318005f2e2;ZWdummy42;/senaite/internal_clients/client19-1528;NULL;Client;"Mberengwa ZPS Clinic";NULL;NULL;system;"2020-08-13 17:42:01";system;"2020-08-13 17:43:41"
7470a9092c1247498b890dbd55945ea3;ZW000A09;/senaite/internal_clients/client19-1482;NULL;Client;"Budiriro Polyclinic";NULL;NULL;system;"2020-08-13 17:42:02";system;"2020-08-13 17:43:42"
74b7607573b64c97ae7ae369fca86e83;ZW010230;/senaite/internal_clients/client19-1398;NULL;Client;"Mutsvangwa Clinic";NULL;NULL;system;"2020-08-13 17:42:03";system;"2020-08-13 17:43:43"
74dcdcdcb56342a097bbc294cd63aabb;ZW030511;/senaite/internal_clients/client19-933;NULL;Client;"St Thomas Prison Clinic";NULL;NULL;system;"2020-08-13 17:41:59";system;"2020-08-13 17:43:39"
7574a1f813b3430cb47ff86bd08d92d9;ZW030561;/senaite/internal_clients/client19-926;NULL;Client;"Dombotombo Clinic";NULL;NULL;system;"2020-08-13 17:41:59";system;"2020-08-13 17:43:39"
75760cf43fa34e4388b624adc4d8d5ab;ZW010318;/senaite/internal_clients/client19-1378;NULL;Client;"Chipinge ZPS Clinic";NULL;NULL;system;"2020-08-13 17:42:03";system;"2020-08-13 17:43:44"
7605f457429a45b1852c9fb69d064560;ZWdummy70;/senaite/internal_clients/client19-1556;NULL;Client;"Sigezibubi Clinic";NULL;NULL;system;"2020-08-13 17:42:01";system;"2020-08-13 17:43:41"
76b93e8ef1ab4a1f8be4fcd5f0148bdb;ZW010565;/senaite/internal_clients/client19-1244;NULL;Client;"Florida Clinic";NULL;NULL;system;"2020-08-13 17:42:05";system;"2020-08-13 17:43:45"
770e519eb7c34d44ad41f2cb139f8fc5;ZW030545;/senaite/internal_clients/client19-927;NULL;Client;"Igava Clinic";NULL;NULL;system;"2020-08-13 17:41:59";system;"2020-08-13 17:43:39"
784624ae031d45b48adbcb69e299ccb8;ZW010534;/senaite/internal_clients/client19-1260;NULL;Client;"Chitaka Clinic";NULL;NULL;system;"2020-08-13 17:42:05";system;"2020-08-13 17:43:45"
784ae6d5aebc441ca57966288a1d360a;ZW010529;/senaite/internal_clients/client19-1265;NULL;Client;"Chitakatira Clinic";NULL;NULL;system;"2020-08-13 17:42:05";system;"2020-08-13 17:43:45"
78c8cdf8b952439b89990faee95fd6ec;ZWdummy74;/senaite/internal_clients/client19-1560;NULL;Client;"Topomazi Clinic";NULL;NULL;system;"2020-08-13 17:42:01";system;"2020-08-13 17:43:41"
792940a15337469f9dc32d3d1125e27e;ZWdummy06;/senaite/internal_clients/client19-1492;NULL;Client;"Caledonia Clinic";NULL;NULL;system;"2020-08-13 17:42:02";system;"2020-08-13 17:43:42"
798a498ef6d1483bb54f01e3f4962e04;ZW030826;/senaite/internal_clients/client19-851;NULL;Client;"Matedza Clinic";NULL;NULL;system;"2020-08-13 17:42:01";system;"2020-08-13 17:43:40"
79c340b44b524798b8e20c09b98fa027;ZW030904;/senaite/internal_clients/client19-842;NULL;Client;"Ringa Rural Health Centre";NULL;NULL;system;"2020-08-13 17:42:01";system;"2020-08-13 17:43:40"
7aaee9688657491583b1d0f39b34895e;ZW000A25;/senaite/internal_clients/client19-1468;NULL;Client;"Matapi Clinic";NULL;NULL;system;"2020-08-13 17:42:02";system;"2020-08-13 17:43:42"
7ae048dd17b64c9c9632c238f1a899e9;ZW000A35;/senaite/internal_clients/client19-1461;NULL;Client;"Southerton Clinic";NULL;NULL;system;"2020-08-13 17:42:02";system;"2020-08-13 17:43:42"
7b44ce1a28004515b11b92077ea8f577;ZW000A53;/senaite/internal_clients/client19-1450;NULL;Client;"Hopley Clinic";NULL;NULL;system;"2020-08-13 17:42:02";system;"2020-08-13 17:43:42"
7c11a825bec241d4a2afd3698602c7ee;ZW01020B;/senaite/internal_clients/client19-1405;NULL;Client;"Nyanyadzi Rural Hospital";NULL;NULL;system;"2020-08-13 17:42:03";system;"2020-08-13 17:43:43"
7ceab78efefd4f7893e7380fec679349;ZW010560;/senaite/internal_clients/client19-1249;NULL;Client;"Hob House Clinic";NULL;NULL;system;"2020-08-13 17:42:05";system;"2020-08-13 17:43:45"
7d11d61ed1c94e5d84c102e92685fc1f;ZW030746;/senaite/internal_clients/client19-878;NULL;Client;"Virginia Clinic";NULL;NULL;system;"2020-08-13 17:42:00";system;"2020-08-13 17:43:40"
7d97e6380d564246984ed9fdc330988a;ZW010445;/senaite/internal_clients/client19-1301;NULL;Client;"Chinyadza Clinic";NULL;NULL;system;"2020-08-13 17:42:04";system;"2020-08-13 17:43:45"
7deab048e5cb4037b4030bb9a62f9097;ZW010691;/senaite/internal_clients/client19-1206;NULL;Client;"Gatsi Mission Clinic";NULL;NULL;system;"2020-08-13 17:42:05";system;"2020-08-13 17:43:46"
7ebc6f30c59d40dba3941d27abc45f38;ZW010331;/senaite/internal_clients/client19-1371;NULL;Client;"Musani Clinic";NULL;NULL;system;"2020-08-13 17:42:03";system;"2020-08-13 17:43:44"
807f796eb2964026bf3c1dc374b12e85;ZW010335;/senaite/internal_clients/client19-1367;NULL;Client;"Rimbi Clinic";NULL;NULL;system;"2020-08-13 17:42:03";system;"2020-08-13 17:43:44"
81ebf9b738cc4ab39fbed0abb583332f;ZW010511;/senaite/internal_clients/client19-1276;NULL;Client;"Nyagundi Clinic";NULL;NULL;system;"2020-08-13 17:42:05";system;"2020-08-13 17:43:45"
82662a7712e247b8868a9dfd1690395f;ZW030771;/senaite/internal_clients/client19-873;NULL;Client;"Nehoreka Pvt Clinic";NULL;NULL;system;"2020-08-13 17:42:00";system;"2020-08-13 17:43:40"
82f32114b3264a6dbe461b4be2185445;ZW000A41;/senaite/internal_clients/client19-1457;NULL;Client;"Waterfalls Clinic";NULL;NULL;system;"2020-08-13 17:42:02";system;"2020-08-13 17:43:42"
837754ab899f46589b63426bd5b7186b;ZW030810;/senaite/internal_clients/client19-857;NULL;Client;"Nzira Rural Health Centre";NULL;NULL;system;"2020-08-13 17:42:00";system;"2020-08-13 17:43:40"
83788e1551d949b08a24ae31adae04c1;ZW030749;/senaite/internal_clients/client19-875;NULL;Client;"Kambarami Rural Health Centre";NULL;NULL;system;"2020-08-13 17:42:00";system;"2020-08-13 17:43:40"
84eedd0316b748b0a12ce7239223e9cc;ZW000B02;/senaite/internal_clients/client19-1448;NULL;Client;"Seke North Clinic";NULL;NULL;system;"2020-08-13 17:42:02";system;"2020-08-13 17:43:42"
856d88c12b82413080e85c95abe88846;ZW030602;/senaite/internal_clients/client19-920;NULL;Client;"Chiunye Rural Health Centre";NULL;NULL;system;"2020-08-13 17:42:00";system;"2020-08-13 17:43:39"
85910d1b8f724e82a1b61d071f179138;ZW03070A;/senaite/internal_clients/client19-893;NULL;Client;"Murehwa District Hospital";NULL;NULL;system;"2020-08-13 17:42:00";system;"2020-08-13 17:43:40"
86723741a2924be987eb5d9300b2db28;ZW010128;/senaite/internal_clients/client19-1425;NULL;Client;"Chapwanya Clinic";NULL;NULL;system;"2020-08-13 17:42:03";system;"2020-08-13 17:43:43"
86b0230409744b00892115d528165aab;ZW01060F;/senaite/internal_clients/client19-1233;NULL;Client;"Hauna District Hospital";NULL;NULL;system;"2020-08-13 17:42:05";system;"2020-08-13 17:43:46"
874290cb9d8f4464b901b31e1236dfe1;ZW010203;/senaite/internal_clients/client19-1410;NULL;Client;"Chayamiti Rural Health Centre";NULL;NULL;system;"2020-08-13 17:42:03";system;"2020-08-13 17:43:43"
889ec5633e8e40b4bfc50e16e363a3e0;ZWdummy34;/senaite/internal_clients/client19-1520;NULL;Client;"Madziwa Teachers' College";NULL;NULL;system;"2020-08-13 17:42:02";system;"2020-08-13 17:43:41"
88d5367bda034ea996d819e823cd7774;ZW030923;/senaite/internal_clients/client19-836;NULL;Client;"Makanyazingwa Clinic";NULL;NULL;system;"2020-08-13 17:42:01";system;"2020-08-13 17:43:40"
890b92befd4442949a70116e24b95e5b;ZW010348;/senaite/internal_clients/client19-1358;NULL;Client;"Junction Gate Clinic";NULL;NULL;system;"2020-08-13 17:42:04";system;"2020-08-13 17:43:44"
89d8c801bdd442d989ee706b54bcdac6;ZW010266;/senaite/internal_clients/client19-1392;NULL;Client;"Tilbury Clinic";NULL;NULL;system;"2020-08-13 17:42:03";system;"2020-08-13 17:43:43"
8a6ab278299b4c2f87bb118b5897c5d1;ZW010430;/senaite/internal_clients/client19-1316;NULL;Client;"Matsika Clinic";NULL;NULL;system;"2020-08-13 17:42:04";system;"2020-08-13 17:43:44"
8ab239dd3fb84f7a95e43ddf3853269f;ZW010602;/senaite/internal_clients/client19-1240;NULL;Client;"Rupinda Rural Health Centre";NULL;NULL;system;"2020-08-13 17:42:05";system;"2020-08-13 17:43:45"
8ae1628e604f47e4a88f3535a79bf4b1;ZWdummy43;/senaite/internal_clients/client19-1529;NULL;Client;"Medpark Surgery Clinic";NULL;NULL;system;"2020-08-13 17:42:01";system;"2020-08-13 17:43:41"
8b3a9cc2fa444ce5a516d73a654f7474;ZWdummy07;/senaite/internal_clients/client19-1493;NULL;Client;"Chinamasa Clinic";NULL;NULL;system;"2020-08-13 17:42:02";system;"2020-08-13 17:43:42"
8b425cbeffc54e38bf81153487d3ea55;ZW01060B;/senaite/internal_clients/client19-1237;NULL;Client;"Bonda Mission Hospital";NULL;NULL;system;"2020-08-13 17:42:05";system;"2020-08-13 17:43:46"
8b803f6565124b989281bcfd4b546b18;ZW030745;/senaite/internal_clients/client19-879;NULL;Client;"Macheke Clinic";NULL;NULL;system;"2020-08-13 17:42:00";system;"2020-08-13 17:43:40"
8c1f9916786f4e599ba4d2f3192bcb71;ZW010527;/senaite/internal_clients/client19-1266;NULL;Client;"Chipfatsura Rural Health Centre";NULL;NULL;system;"2020-08-13 17:42:05";system;"2020-08-13 17:43:45"
8c5d4e75a60546618c007d34b6690a60;ZW030703;/senaite/internal_clients/client19-899;NULL;Client;"Jekwa Rural Health Centre";NULL;NULL;system;"2020-08-13 17:42:00";system;"2020-08-13 17:43:39"
8ca299ff3b054102a37041a85a7ce49b;ZW030528;/senaite/internal_clients/client19-929;NULL;Client;"Marondera Rural District Council Clinic";NULL;NULL;system;"2020-08-13 17:41:59";system;"2020-08-13 17:43:39"
8cdd9a18719b4eb48affa4fde8d8ef6f;ZW010633;/senaite/internal_clients/client19-1224;NULL;Client;"Ngarura Clinic";NULL;NULL;system;"2020-08-13 17:42:05";system;"2020-08-13 17:43:46"
8d17401925334c5db760c4efecfee08d;ZW030728;/senaite/internal_clients/client19-884;NULL;Client;"Nyamutumbu Rural Health Centre";NULL;NULL;system;"2020-08-13 17:42:00";system;"2020-08-13 17:43:40"
8d1c4d649ae945e2b3de6cd6ebc361b7;ZW000B04;/senaite/internal_clients/client19-1446;NULL;Client;"Zengeza Clinic";NULL;NULL;system;"2020-08-13 17:42:02";system;"2020-08-13 17:43:42"
8d48ce86f9fb4c089d0939e744bb4b19;ZW030605;/senaite/internal_clients/client19-917;NULL;Client;"Makaha Rural Health Centre";NULL;NULL;system;"2020-08-13 17:42:00";system;"2020-08-13 17:43:39"
8e4e32b3a576433dbf57650cf5372455;ZW01040F;/senaite/internal_clients/client19-1331;NULL;Client;"St Therese's Mission Hospital";NULL;NULL;system;"2020-08-13 17:42:04";system;"2020-08-13 17:43:44"
8f17225e7aa545c7a120e39b26621f45;ZW010407;/senaite/internal_clients/client19-1338;NULL;Client;"Groobi Spring Rural Health Centre";NULL;NULL;system;"2020-08-13 17:42:04";system;"2020-08-13 17:43:44"
8f8a42ed998a41dc98ee16347bfe950e;ZW010536;/senaite/internal_clients/client19-1258;NULL;Client;"Nzvenga Clinic";NULL;NULL;system;"2020-08-13 17:42:05";system;"2020-08-13 17:43:45"
8f9f236de08643f99ab524bb58dd1e30;ZWdummy16;/senaite/internal_clients/client19-1502;NULL;Client;Gandavaroyi;NULL;NULL;system;"2020-08-13 17:42:02";system;"2020-08-13 17:43:42"
900a0e7923c24140b27381ef274340d7;ZW010205;/senaite/internal_clients/client19-1408;NULL;Client;"Nyahode Clinic";NULL;NULL;system;"2020-08-13 17:42:03";system;"2020-08-13 17:43:43"
906885b59f294f5eb9209ae788a65eec;ZW030903;/senaite/internal_clients/client19-843;NULL;Client;"ZRP Chitungwiza Camp Clinic";NULL;NULL;system;"2020-08-13 17:42:01";system;"2020-08-13 17:43:40"
90731882a92e4a0083a991a14f486abb;ZW010316;/senaite/internal_clients/client19-1380;NULL;Client;"Tuzuka Clinic";NULL;NULL;system;"2020-08-13 17:42:03";system;"2020-08-13 17:43:43"
908c2a618e6f4cbf95b82bc77c56d4d8;ZW030704;/senaite/internal_clients/client19-898;NULL;Client;"Kadenge Rural Health Centre";NULL;NULL;system;"2020-08-13 17:42:00";system;"2020-08-13 17:43:39"
90d3fc1493924c7c8e3bd0b2e4fda4a5;ZWdummy54;/senaite/internal_clients/client19-1540;NULL;Client;"Njelele Clinic";NULL;NULL;system;"2020-08-13 17:42:01";system;"2020-08-13 17:43:41"
91e5d29f788c4382aa4e825c0dc400b7;ZWdummy05;/senaite/internal_clients/client19-1491;NULL;Client;"Bvumbura Clinic";NULL;NULL;system;"2020-08-13 17:42:02";system;"2020-08-13 17:43:42"
929a5e6220c64fa299aa7b04fee5c654;ZW030722;/senaite/internal_clients/client19-890;NULL;Client;"Murewa Polyclinic";NULL;NULL;system;"2020-08-13 17:42:00";system;"2020-08-13 17:43:40"
92ab8ded93e649a68bd8cdccb0979040;ZW010339;/senaite/internal_clients/client19-1363;NULL;Client;"Chisuma Clinic";NULL;NULL;system;"2020-08-13 17:42:04";system;"2020-08-13 17:43:44"
92fa637a79c5410b9120c644a4a74462;ZW010136;/senaite/internal_clients/client19-1417;NULL;Client;"Muzokomba Clinic";NULL;NULL;system;"2020-08-13 17:42:03";system;"2020-08-13 17:43:43"
92fcf58d837d489c84385fe5e9c81793;ZW030525;/senaite/internal_clients/client19-930;NULL;Client;"Masikana Clinic";NULL;NULL;system;"2020-08-13 17:41:59";system;"2020-08-13 17:43:39"
93ad451ead5f4669998a770285452cf1;ZW010132;/senaite/internal_clients/client19-1421;NULL;Client;"Gunura Clinic";NULL;NULL;system;"2020-08-13 17:42:03";system;"2020-08-13 17:43:43"
9425caf3e96c4579a9a4e1367979b5a7;ZW030701;/senaite/internal_clients/client19-900;NULL;Client;"Chitate Rural Health Centre";NULL;NULL;system;"2020-08-13 17:42:00";system;"2020-08-13 17:43:39"
9428b6d74cf74de2a6ac4d7a2949dc9c;ZW000A33;/senaite/internal_clients/client19-1463;NULL;Client;"Rujeko Polyclinic";NULL;NULL;system;"2020-08-13 17:42:02";system;"2020-08-13 17:43:42"
942922d97aa3483aa81294cb8519ab49;ZWdummy41;/senaite/internal_clients/client19-1527;NULL;Client;"Mazowe Bridge Rural Health Centre";NULL;NULL;system;"2020-08-13 17:42:01";system;"2020-08-13 17:43:41"
9537101d607b4b32bfd21bd3503f9ec6;ZWdummy44;/senaite/internal_clients/client19-1530;NULL;Client;"Milonga Clinic";NULL;NULL;system;"2020-08-13 17:42:01";system;"2020-08-13 17:43:41"
95a732443cb64ef4b506ccc91ab7a4de;TEST-HPA-04;/senaite/clients/client-18;NULL;Client;"Home Patient API 04";NULL;NULL;system;"2020-08-13 17:41:59";system;"2020-08-13 17:43:39"
9656eb927fee4fc9aa4581d99efe3167;ZW030827;/senaite/internal_clients/client19-850;NULL;Client;"Mother of Peace Clinic";NULL;NULL;system;"2020-08-13 17:42:01";system;"2020-08-13 17:43:40"
965d6a37efca42568cf1ad38d5e0a9e7;ZW010639;/senaite/internal_clients/client19-1220;NULL;Client;"Sahumani Clinic";NULL;NULL;system;"2020-08-13 17:42:05";system;"2020-08-13 17:43:46"
985cba0ed71842d4a83186b343e0d8d7;ZW010670;/senaite/internal_clients/client19-1209;NULL;Client;"Imbeza Clinic";NULL;NULL;system;"2020-08-13 17:42:05";system;"2020-08-13 17:43:46"
992350680fe44af5b5dd3e6c73891fe6;ZW010566;/senaite/internal_clients/client19-1243;NULL;Client;"Fern Valley Clinic";NULL;NULL;system;"2020-08-13 17:42:05";system;"2020-08-13 17:43:45"
998c500643ac46f68706870955223ce4;ZW000A52;/senaite/internal_clients/client19-1451;NULL;Client;"Highlands FHS Clinic";NULL;NULL;system;"2020-08-13 17:42:02";system;"2020-08-13 17:43:42"
99a5a943a4df4e82abd096813cc8e79c;ZW01050B;/senaite/internal_clients/client19-1282;NULL;Client;"Mutare Infectious Diseases Hospital";NULL;NULL;system;"2020-08-13 17:42:04";system;"2020-08-13 17:43:45"
99bebde9a1e5471b9aa507b2b2e56014;ZW010404;/senaite/internal_clients/client19-1341;NULL;Client;"Chinyika 1 Rural Health Centre";NULL;NULL;system;"2020-08-13 17:42:04";system;"2020-08-13 17:43:44"
9a0a85e4e0ab4119bb1aef8399b2d59d;ZW010696;/senaite/internal_clients/client19-1202;NULL;Client;"Mapara Clinic";NULL;NULL;system;"2020-08-13 17:42:05";system;"2020-08-13 17:43:46"
9c06b3e60b1e4f708757647d23d9d7fb;ZW000A46;/senaite/internal_clients/client19-1453;NULL;Client;"Highlands PC Clinic";NULL;NULL;system;"2020-08-13 17:42:02";system;"2020-08-13 17:43:42"
9cb23de446844878857fdba57a6cea24;ZW010501;/senaite/internal_clients/client19-1291;NULL;Client;"Bwizi Rural Health Centre";NULL;NULL;system;"2020-08-13 17:42:04";system;"2020-08-13 17:43:45"
9d84e5da592144a488ad40b77e5e21dd;ZWdummy58;/senaite/internal_clients/client19-1544;NULL;Client;"Nyanguai Clinic";NULL;NULL;system;"2020-08-13 17:42:01";system;"2020-08-13 17:43:41"
9ea289d6967a4fce88d3d305daaa6a27;ZW010362;/senaite/internal_clients/client19-1353;NULL;Client;"Clear Water Clinic";NULL;NULL;system;"2020-08-13 17:42:04";system;"2020-08-13 17:43:44"
9f148a55653648f08d24c96edc752552;ZW010137;/senaite/internal_clients/client19-1416;NULL;Client;"Nerutanga Clinic";NULL;NULL;system;"2020-08-13 17:42:03";system;"2020-08-13 17:43:43"
a07595d5acd447e3be255553c959f029;ZWdummy08;/senaite/internal_clients/client19-1494;NULL;Client;"Chingamuka Clinic";NULL;NULL;system;"2020-08-13 17:42:02";system;"2020-08-13 17:43:42"
a0cdc13a921448ffba73e4a41f5a9f2a;TEST-01;/senaite/clients/client-9;NULL;Client;"API Patient 01";NULL;NULL;system;"2020-08-13 17:42:01";system;"2020-08-13 17:43:41"
a20103823927491cb1deab9c68b1c60f;ZW030802;/senaite/internal_clients/client19-870;NULL;Client;"Hoyuyu II Rural Health Centre";NULL;NULL;system;"2020-08-13 17:42:00";system;"2020-08-13 17:43:40"
a27b95d5cb9c44be81b97ee4dd0196a3;ZW010440;/senaite/internal_clients/client19-1306;NULL;Client;"Headlands Clinic";NULL;NULL;system;"2020-08-13 17:42:04";system;"2020-08-13 17:43:44"
a280ef844c12432ca0dc6ab8131d6c28;ZW010229;/senaite/internal_clients/client19-1399;NULL;Client;"Gudyanga Clinic";NULL;NULL;system;"2020-08-13 17:42:03";system;"2020-08-13 17:43:43"
a2ced4b7057b4b358bafed50fe4d85de;TEST-HPA-01;/senaite/clients/client-13;NULL;Client;"Home Patient API 01";NULL;NULL;system;"2020-08-13 17:42:01";system;"2020-08-13 17:43:41"
a361ccb674104922829518e15689f5c4;ZWdummy76;/senaite/internal_clients/client19-1562;NULL;Client;"Turk Mine Clinic";NULL;NULL;system;"2020-08-13 17:42:01";system;"2020-08-13 17:43:41"
a3da4dee648749ad885b1747beb8989e;ZW010415;/senaite/internal_clients/client19-1325;NULL;Client;"Mayo 2 Rural Health Centre";NULL;NULL;system;"2020-08-13 17:42:04";system;"2020-08-13 17:43:44"
a3fa69098acc468a8ab75bd0a8034a87;ZW030861;/senaite/internal_clients/client19-849;NULL;Client;"Mutemwa Leprosy Settlement Clinic";NULL;NULL;system;"2020-08-13 17:42:01";system;"2020-08-13 17:43:40"
a4c5d106da58403b9854d8e9b65a8ed1;ZW010130;/senaite/internal_clients/client19-1423;NULL;Client;"Chiwenga Clinic";NULL;NULL;system;"2020-08-13 17:42:03";system;"2020-08-13 17:43:43"
a6688fc18eec472f9f31b3a7f465f3d9;ZW030512;/senaite/internal_clients/client19-932;NULL;Client;"Marondera ZRP Clinic";NULL;NULL;system;"2020-08-13 17:41:59";system;"2020-08-13 17:43:39"
a677e19016004d34ae819d414df215c3;ZW030725;/senaite/internal_clients/client19-887;NULL;Client;"Dandara Rural Health Centre";NULL;NULL;system;"2020-08-13 17:42:00";system;"2020-08-13 17:43:40"
a79019e128654db2b66913dea0837470;ZW010641;/senaite/internal_clients/client19-1218;NULL;Client;"Samanga Clinic";NULL;NULL;system;"2020-08-13 17:42:05";system;"2020-08-13 17:43:46"
a7f592b396974da7a83bbbc3d56cb99a;ZW010533;/senaite/internal_clients/client19-1261;NULL;Client;"Mkwada Clinic";NULL;NULL;system;"2020-08-13 17:42:05";system;"2020-08-13 17:43:45"
a86816d169f14e07ac99b606fd4ee6b3;ZWdummy14;/senaite/internal_clients/client19-1500;NULL;Client;"Dambridge Clinic";NULL;NULL;system;"2020-08-13 17:42:02";system;"2020-08-13 17:43:42"
a868ce4ab2ec431988a7600203962882;ZWdummy40;/senaite/internal_clients/client19-1526;NULL;Client;"Mavhurazi  Clinic";NULL;NULL;system;"2020-08-13 17:42:02";system;"2020-08-13 17:43:41"
a8ae767a50ae4766b54ccdb23b78f0a0;ZW01050A;/senaite/internal_clients/client19-1283;NULL;Client;"Mutare Provincial Hospital";NULL;NULL;system;"2020-08-13 17:42:04";system;"2020-08-13 17:43:45"
a8e6c42cdfe64b65a5dd03622a52dbc6;ZW010101;/senaite/internal_clients/client19-1442;NULL;Client;"Berenyazvizvi Clinic";NULL;NULL;system;"2020-08-13 17:42:03";system;"2020-08-13 17:43:43"
a8eef932ed134731a2682baebf376ee3;ZW010103;/senaite/internal_clients/client19-1440;NULL;Client;"Madzimbashuro Rural Health Centre";NULL;NULL;system;"2020-08-13 17:42:03";system;"2020-08-13 17:43:43"
a903cf5c6cae47d79656cec968d944ef;ZW030631;/senaite/internal_clients/client19-907;NULL;Client;"Nyamukoho Clinic";NULL;NULL;system;"2020-08-13 17:42:00";system;"2020-08-13 17:43:39"
a965c730deef496393dc3e74ecd278e8;ZW010693;/senaite/internal_clients/client19-1204;NULL;Client;"St Augustine's Clinic";NULL;NULL;system;"2020-08-13 17:42:05";system;"2020-08-13 17:43:46"
aa5942f890294871bcf693760ed82ba3;ZW000A0C;/senaite/internal_clients/client19-1481;NULL;Client;"Beatrice Road Hospital";NULL;NULL;system;"2020-08-13 17:42:02";system;"2020-08-13 17:43:42"
aa5a5bd3ee7041dbba7f96866e51a30e;ZW03090B;/senaite/internal_clients/client19-839;NULL;Client;"Kunaka Hospital";NULL;NULL;system;"2020-08-13 17:42:01";system;"2020-08-13 17:43:40"
aa5e78471ba441f2ae185d6e5eaec519;ZW030772;/senaite/internal_clients/client19-872;NULL;Client;"Goso Rural Health Centre";NULL;NULL;system;"2020-08-13 17:42:00";system;"2020-08-13 17:43:40"
ac4ae0599969414ebb6bba1a4c6cee2b;ZW010139;/senaite/internal_clients/client19-1414;NULL;Client;"Chawatama Rural Health Centre";NULL;NULL;system;"2020-08-13 17:42:03";system;"2020-08-13 17:43:43"
ac624665380d41fbaed1128e661adc1a;ZWdummy63;/senaite/internal_clients/client19-1549;NULL;Client;"Rubi Clinic";NULL;NULL;system;"2020-08-13 17:42:01";system;"2020-08-13 17:43:41"
acb8746f644948c9ad7b5f35c32af773;ZW010482;/senaite/internal_clients/client19-1294;NULL;Client;"Mukuwapasi Rehab Clinic";NULL;NULL;system;"2020-08-13 17:42:04";system;"2020-08-13 17:43:45"
acbd2009b0ab40adb7460b8d9ec637e9;ZW010512;/senaite/internal_clients/client19-1275;NULL;Client;"Nyamazura Rural Health Centre";NULL;NULL;system;"2020-08-13 17:42:05";system;"2020-08-13 17:43:45"
ad75bb16f452427790f1526239d1533e;ZW01040C;/senaite/internal_clients/client19-1334;NULL;Client;"Makoni Rural Hospital";NULL;NULL;system;"2020-08-13 17:42:04";system;"2020-08-13 17:43:44"
ad81202f2306437bb952bacbc8e1eeb9;ZW01030D;/senaite/internal_clients/client19-1385;NULL;Client;"St Peter's Mission Hospital";NULL;NULL;system;"2020-08-13 17:42:03";system;"2020-08-13 17:43:43"
ae329dfaa9d544f6817b3acfb64b0686;ZW01010C;/senaite/internal_clients/client19-1434;NULL;Client;"Murambinda Mission Hospital";NULL;NULL;system;"2020-08-13 17:42:03";system;"2020-08-13 17:43:43"
ae57188f9f904912be1850afb81ea302;ZW010531;/senaite/internal_clients/client19-1263;NULL;Client;"Masasi Clinic";NULL;NULL;system;"2020-08-13 17:42:05";system;"2020-08-13 17:43:45"
aec3e2c795fb4cdf99e6c7f71bb3e2f6;ZWdummy24;/senaite/internal_clients/client19-1510;NULL;Client;"Huchu Clinic";NULL;NULL;system;"2020-08-13 17:42:02";system;"2020-08-13 17:43:41"
aee73ae07434463abf49b1fffa2734ed;ZW01050C;/senaite/internal_clients/client19-1281;NULL;Client;"Sakubva District Hospital";NULL;NULL;system;"2020-08-13 17:42:04";system;"2020-08-13 17:43:45"
af3509dfed7245378063d93cc8de71dd;ZW010664;/senaite/internal_clients/client19-1214;NULL;Client;"Eastern Highlands Plantations Clinic";NULL;NULL;system;"2020-08-13 17:42:05";system;"2020-08-13 17:43:46"
b05be08b4a1940dfb60c4e7170748bf8;ZWdummy50;/senaite/internal_clients/client19-1536;NULL;Client;"Muswera Rural clinic";NULL;NULL;system;"2020-08-13 17:42:01";system;"2020-08-13 17:43:41"
b0cb4a762ce144c4ba3f4dc4957ba514;ZW030705;/senaite/internal_clients/client19-897;NULL;Client;"Madamombe Rural Health Centre";NULL;NULL;system;"2020-08-13 17:42:00";system;"2020-08-13 17:43:39"
b18d40eef2d041fdaac22da36cb58296;ZW010428;/senaite/internal_clients/client19-1318;NULL;Client;"Dowa Clinic";NULL;NULL;system;"2020-08-13 17:42:04";system;"2020-08-13 17:43:44"
b2a9e7269ed9464a99a8095b98a5ad23;ZW01020E;/senaite/internal_clients/client19-1402;NULL;Client;"Chimanimani Rural District Hospital";NULL;NULL;system;"2020-08-13 17:42:03";system;"2020-08-13 17:43:43"
b3796178faf645d58e8e33d768327559;ZW030691;/senaite/internal_clients/client19-903;NULL;Client;"Chikwizo Clinic";NULL;NULL;system;"2020-08-13 17:42:00";system;"2020-08-13 17:43:39"
b39725de7ef7431d8e4e18df592e407c;ZW030729;/senaite/internal_clients/client19-883;NULL;Client;"Shambamuto Rural Health Centre";NULL;NULL;system;"2020-08-13 17:42:00";system;"2020-08-13 17:43:40"
b40f068a680c4db898ca35cb97d36bb5;ZW010425;/senaite/internal_clients/client19-1321;NULL;Client;"Chiduku Clinic";NULL;NULL;system;"2020-08-13 17:42:04";system;"2020-08-13 17:43:44"
b6214ca8372745689bcb2642453290e0;ZW010538;/senaite/internal_clients/client19-1256;NULL;Client;"Odzi Clinic";NULL;NULL;system;"2020-08-13 17:42:05";system;"2020-08-13 17:43:45"
b63c9f0f137e47b5a1e6dd78b20d5a0b;ZW010694;/senaite/internal_clients/client19-1203;NULL;Client;"St Peter's Clinic";NULL;NULL;system;"2020-08-13 17:42:05";system;"2020-08-13 17:43:46"
b7a0619152404d2eb1366e0973319910;ZW030825;/senaite/internal_clients/client19-852;NULL;Client;"Charehwa Clinic";NULL;NULL;system;"2020-08-13 17:42:00";system;"2020-08-13 17:43:40"
b844fc21395f4cf3ad93cde58603757c;ZW010503;/senaite/internal_clients/client19-1289;NULL;Client;"Mavhiza Clinic";NULL;NULL;system;"2020-08-13 17:42:04";system;"2020-08-13 17:43:45"
b894ac9b46db4f3bb58cfbe72a006541;ZWdummy09;/senaite/internal_clients/client19-1495;NULL;Client;"Chipoli Clinic";NULL;NULL;system;"2020-08-13 17:42:02";system;"2020-08-13 17:43:42"
b8c24d7403e44d7595c71a2233a83416;ZW030801;/senaite/internal_clients/client19-871;NULL;Client;"Hoyuyu I Rural Health Centre";NULL;NULL;system;"2020-08-13 17:42:00";system;"2020-08-13 17:43:40"
b8f9138305c94a419e4feaf0608dad54;ZW010336;/senaite/internal_clients/client19-1366;NULL;Client;"Veneka Clinic";NULL;NULL;system;"2020-08-13 17:42:03";system;"2020-08-13 17:43:44"
b94e40aa4df04bbfb7c914f9b70b5a80;ZW010447;/senaite/internal_clients/client19-1299;NULL;Client;"Sangano Clinic";NULL;NULL;system;"2020-08-13 17:42:04";system;"2020-08-13 17:43:45"
b97319a72ce040f0b39e495766caf482;ZW010129;/senaite/internal_clients/client19-1424;NULL;Client;"Chirozva Clinic";NULL;NULL;system;"2020-08-13 17:42:03";system;"2020-08-13 17:43:43"
b9d7e9d6312c4627ba4b4adcd01039c6;ZW030984;/senaite/internal_clients/client19-831;NULL;Client;"Lanark Clinic";NULL;NULL;system;"2020-08-13 17:42:01";system;"2020-08-13 17:43:40"
b9f715b18b034ffcad3087ef808c6326;ZW000A05;/senaite/internal_clients/client19-1484;NULL;Client;"Belvedere Clinic";NULL;NULL;system;"2020-08-13 17:42:02";system;"2020-08-13 17:43:42"
ba0fd1b96a3b4197a71aa4b15ce9719a;ZWdummy12;/senaite/internal_clients/client19-1498;NULL;Client;"Chitapo Clinic";NULL;NULL;system;"2020-08-13 17:42:02";system;"2020-08-13 17:43:42"
ba318db4b62c43bebf22ef8e232b0cb5;ZW030564;/senaite/internal_clients/client19-923;NULL;Client;"Lustleigh Council Clinic";NULL;NULL;system;"2020-08-13 17:41:59";system;"2020-08-13 17:43:39"
ba4eeeffa73d48069a7d0bb4e0ac8b19;ZW03050A;/senaite/internal_clients/client19-935;NULL;Client;"Marondera Provincial Hospital";NULL;NULL;system;"2020-08-13 17:41:59";system;"2020-08-13 17:43:39"
ba5d99449a3c499fb4264c4682e1d8fd;ZW000C0C;/senaite/internal_clients/client19-1443;NULL;Client;"Chitungwiza Central Hospital";NULL;NULL;system;"2020-08-13 17:42:03";system;"2020-08-13 17:43:43"
ba929f3feda14c55a4fe454fea7ae8e0;TEST-HPA-01;/senaite/clients/client-16;NULL;Client;"Home Patient API 01";NULL;NULL;system;"2020-08-13 17:41:59";system;"2020-08-13 17:43:39"
bb34a4dd7f654e6c9a6e4710ef6a092d;ZWdummy27;/senaite/internal_clients/client19-1513;NULL;Client;"Kanyaga Rural District Council Clinic";NULL;NULL;system;"2020-08-13 17:42:02";system;"2020-08-13 17:43:41"
bb41dd9056fb4bc786f27352314ba354;ZWdummy57;/senaite/internal_clients/client19-1543;NULL;Client;"Nyamande Clinic";NULL;NULL;system;"2020-08-13 17:42:01";system;"2020-08-13 17:43:41"
bbc31afd511e47f796294f202c70e283;ZW010561;/senaite/internal_clients/client19-1248;NULL;Client;"City Clinic";NULL;NULL;system;"2020-08-13 17:42:05";system;"2020-08-13 17:43:45"
bc04e6a6aa374e9ea093353954dc56ca;ZW010637;/senaite/internal_clients/client19-1222;NULL;Client;"Sadziwa Clinic";NULL;NULL;system;"2020-08-13 17:42:05";system;"2020-08-13 17:43:46"
bd463ca8435b45f9abc44ecaa0902546;ZW000A18;/senaite/internal_clients/client19-1473;NULL;Client;"Highfield Polyclinic";NULL;NULL;system;"2020-08-13 17:42:02";system;"2020-08-13 17:43:42"
bd59dace54aa4d5aa00c73f2d86f162c;ZW010118;/senaite/internal_clients/client19-1431;NULL;Client;"Garamwera Clinic";NULL;NULL;system;"2020-08-13 17:42:03";system;"2020-08-13 17:43:43"
bdccf43a66f94f6ebe06eb9e0b7d9b25;ZW030804;/senaite/internal_clients/client19-868;NULL;Client;"Katsukunya Rural Health Centre";NULL;NULL;system;"2020-08-13 17:42:00";system;"2020-08-13 17:43:40"
bdf9dca76e924715a4b26187c4904192;ZW010475;/senaite/internal_clients/client19-1296;NULL;Client;"Rusape ZRP Camp Clinic";NULL;NULL;system;"2020-08-13 17:42:04";system;"2020-08-13 17:43:45"
bf8728ed6a4d4ac3970462b079c53a74;ZW010105;/senaite/internal_clients/client19-1438;NULL;Client;"Murwira Rural Health Centre";NULL;NULL;system;"2020-08-13 17:42:03";system;"2020-08-13 17:43:43"
c08e8f62e01a48a6844cebfe87cd6e51;ZW010632;/senaite/internal_clients/client19-1225;NULL;Client;"Mwoyoweshumba Clinic";NULL;NULL;system;"2020-08-13 17:42:05";system;"2020-08-13 17:43:46"
c0900c7fd98e43f59b1390ff5394a346;ZW010311;/senaite/internal_clients/client19-1384;NULL;Client;"Musiriswe Rural Health Centre";NULL;NULL;system;"2020-08-13 17:42:03";system;"2020-08-13 17:43:43"
c0bb96adb5a2425aad281026cace5136;ZW000A37;/senaite/internal_clients/client19-1460;NULL;Client;"Sunningdale Clinic";NULL;NULL;system;"2020-08-13 17:42:02";system;"2020-08-13 17:43:42"
c0c25ca099b74cee8e387f4027becb66;ZW010601;/senaite/internal_clients/client19-1241;NULL;Client;"Chavhanga Clinic";NULL;NULL;system;"2020-08-13 17:42:05";system;"2020-08-13 17:43:45"
c1c877c6e02246898287bfc5eb70e692;TEST-01;/senaite/internal_clients/client-2;NULL;Client;"Test Client";NULL;NULL;system;"2020-08-13 17:41:59";system;"2020-08-13 17:43:39"
c1dc2bdb3c3b4fd490f7e4392befc00c;TEST-01;/senaite/clients/client-11;NULL;Client;"API Patient 01";NULL;NULL;system;"2020-08-13 17:42:01";system;"2020-08-13 17:43:41"
c1f4d512500249b9a0dc91808bd52399;ZW010315;/senaite/internal_clients/client19-1381;NULL;Client;"Tongogara Refuge Camp Clinic";NULL;NULL;system;"2020-08-13 17:42:03";system;"2020-08-13 17:43:43"
c20bdc6564be494f8879453d5cdb8784;ZW030811;/senaite/internal_clients/client19-856;NULL;Client;"Mutoko Prison Clinic";NULL;NULL;system;"2020-08-13 17:42:00";system;"2020-08-13 17:43:40"
c20efc8782a34933a1b0a9ff094e132b;ZW010251;/senaite/internal_clients/client19-1395;NULL;Client;"Arda Rusitu Clinic";NULL;NULL;system;"2020-08-13 17:42:03";system;"2020-08-13 17:43:43"
c22b3cd2a70b4bf0bf26994cebc6762e;ZW010338;/senaite/internal_clients/client19-1364;NULL;Client;"Chichichi Clinic";NULL;NULL;system;"2020-08-13 17:42:04";system;"2020-08-13 17:43:44"
c245c0abcb2a48aeb9219e88e3b4df62;ZWdummy32;/senaite/internal_clients/client19-1518;NULL;Client;"Little Kraal Clinic";NULL;NULL;system;"2020-08-13 17:42:02";system;"2020-08-13 17:43:41"
c2626267584b4e7c9cbfcd0569e2a1d0;ZW010427;/senaite/internal_clients/client19-1319;NULL;Client;"Nyazura Clinic";NULL;NULL;system;"2020-08-13 17:42:04";system;"2020-08-13 17:43:44"
c2b2ca217772472590289a2fc33eb376;ZW010365;/senaite/internal_clients/client19-1351;NULL;Client;"ARDA Middle Sabi";NULL;NULL;system;"2020-08-13 17:42:04";system;"2020-08-13 17:43:44"
c2d6cc36c260489a8b7be13a8c2b5138;TEST-01;/senaite/clients/client-8;NULL;Client;"API Patient 01";NULL;NULL;system;"2020-08-13 17:42:01";system;"2020-08-13 17:43:41"
c3cacad54c6e4d26a76fcffc1ab2a4dd;ZWdummy59;/senaite/internal_clients/client19-1545;NULL;Client;"Nyapfunde Clinic";NULL;NULL;system;"2020-08-13 17:42:01";system;"2020-08-13 17:43:41"
c557df2bb7764465a7003f5cbd384fc5;ZW010133;/senaite/internal_clients/client19-1420;NULL;Client;"Gombe Clinic";NULL;NULL;system;"2020-08-13 17:42:03";system;"2020-08-13 17:43:43"
c60d8d1cbba84987bb5f63d0612a510c;ZW01040B;/senaite/internal_clients/client19-1335;NULL;Client;"Weya Rural Hospital";NULL;NULL;system;"2020-08-13 17:42:04";system;"2020-08-13 17:43:44"
c79b6c5691024516b2d9231057ab530c;ZW010261;/senaite/internal_clients/client19-1394;NULL;Client;"Charter Estate Clinic";NULL;NULL;system;"2020-08-13 17:42:03";system;"2020-08-13 17:43:43"
c88f85bd6a884ae983a1fc8db67d51d8;ZW010124;/senaite/internal_clients/client19-1429;NULL;Client;"Mudanda Clinic";NULL;NULL;system;"2020-08-13 17:42:03";system;"2020-08-13 17:43:43"
c9305886f26646a39d9038873907ca81;ZW010317;/senaite/internal_clients/client19-1379;NULL;Client;"Chipinge ZRP Camp Clinic";NULL;NULL;system;"2020-08-13 17:42:03";system;"2020-08-13 17:43:43"
c938df85c586447b836d97d0aad574d7;ZWdummy35;/senaite/internal_clients/client19-1521;NULL;Client;"Mahusekwa District Hospital";NULL;NULL;system;"2020-08-13 17:42:02";system;"2020-08-13 17:43:41"
c995bfc3cd8042cfa12faceda8629dbb;ZW000A15;/senaite/internal_clients/client19-1475;NULL;Client;"Greendale FHS Clinic";NULL;NULL;system;"2020-08-13 17:42:02";system;"2020-08-13 17:43:42"
c99c77bd734547d7a5fae66d8308dcdc;ZW010474;/senaite/internal_clients/client19-1298;NULL;Client;"Rusape ZPCS Clinic";NULL;NULL;system;"2020-08-13 17:42:04";system;"2020-08-13 17:43:45"
ca9b341ceb8e4c838a1084ccb47f622d;ZWdummy73;/senaite/internal_clients/client19-1559;NULL;Client;"Songwa Clinic";NULL;NULL;system;"2020-08-13 17:42:01";system;"2020-08-13 17:43:41"
cb209b8220d545c8ade06a0f72a6f623;ZWdummy11;/senaite/internal_clients/client19-1497;NULL;Client;"Chishawasha Mission";NULL;NULL;system;"2020-08-13 17:42:02";system;"2020-08-13 17:43:42"
cb3bb1fcab69454ca66840f471a13427;ZW030562;/senaite/internal_clients/client19-925;NULL;Client;"Nyameni Clinic";NULL;NULL;system;"2020-08-13 17:41:59";system;"2020-08-13 17:43:39"
cb4029a3551c43fbaa66462431785caf;ZW010303;/senaite/internal_clients/client19-1391;NULL;Client;"Chinyamukwakwa Rural Health Centre";NULL;NULL;system;"2020-08-13 17:42:03";system;"2020-08-13 17:43:43"
cd4e1cf4334b4819926b9e0d930d9553;ZW010519;/senaite/internal_clients/client19-1272;NULL;Client;"Chitora Clinic";NULL;NULL;system;"2020-08-13 17:42:05";system;"2020-08-13 17:43:45"
cd75797d9bbd49dbaa3c4547243442a7;ZW010412;/senaite/internal_clients/client19-1328;NULL;Client;"Masvosva Rural Health Centre";NULL;NULL;system;"2020-08-13 17:42:04";system;"2020-08-13 17:43:44"
cdc9b7cbc9a0465ba664353220934b9e;ZW091023123;/senaite/internal_clients/client-6;NULL;Client;"AMQ Clinet";NULL;NULL;system;"2020-08-13 17:41:59";system;"2020-08-13 17:43:39"
cedc90f4e9914955bf4bec61e7788486;ZW030601;/senaite/internal_clients/client19-921;NULL;Client;"Chimukoko Rural Health Centre";NULL;NULL;system;"2020-08-13 17:42:00";system;"2020-08-13 17:43:39"
cf9e76d32015473187893b61c8085e55;ZW000A42;/senaite/internal_clients/client19-1456;NULL;Client;"Western Triangle Clinic";NULL;NULL;system;"2020-08-13 17:42:02";system;"2020-08-13 17:43:42"
cfdde3e0c9d84b97af7a523efd5c1638;ZW000A23;/senaite/internal_clients/client19-1469;NULL;Client;"Mabvuku Poly Clinic";NULL;NULL;system;"2020-08-13 17:42:02";system;"2020-08-13 17:43:42"
cfe254030e794c09a3908d281fe6a96d;ZW010418;/senaite/internal_clients/client19-1324;NULL;Client;"Nyahowe Rural Health Centre";NULL;NULL;system;"2020-08-13 17:42:04";system;"2020-08-13 17:43:44"
cff6bb533d72443caa0f8a58eeaac1ee;ZW000A11;/senaite/internal_clients/client19-1478;NULL;Client;"Glen Norah Satellite Clinic";NULL;NULL;system;"2020-08-13 17:42:02";system;"2020-08-13 17:43:42"
d0485c9a22e940fc8bfbd47f0e9da957;ZW010631;/senaite/internal_clients/client19-1226;NULL;Client;"Mutasa Clinic";NULL;NULL;system;"2020-08-13 17:42:05";system;"2020-08-13 17:43:46"
d0a1a7c4193c4fac96c4a56e2a4e34b9;ZWdummy01;/senaite/internal_clients/client19-1487;NULL;Client;"Banket Hospital";NULL;NULL;system;"2020-08-13 17:42:02";system;"2020-08-13 17:43:42"
d1731fbe63974a4abc1165575ba6664e;ZW010703;/senaite/internal_clients/client19-1198;NULL;Client;"Fombe Rural Health Centre";NULL;NULL;system;"2020-08-13 17:42:05";system;"2020-08-13 17:43:46"
d1c887ca41994c1c87c4a0cf1c4388b2;ZW010390;/senaite/internal_clients/client19-1345;NULL;Client;"Gwenzi Clinic";NULL;NULL;system;"2020-08-13 17:42:04";system;"2020-08-13 17:43:44"
d1e61ca8ae994ad08e3f96ea4e04d3dd;ZW030899;/senaite/internal_clients/client19-846;NULL;Client;"Kawazva Clinic";NULL;NULL;system;"2020-08-13 17:42:01";system;"2020-08-13 17:43:40"
d1f4405473c44fb99a572898cc3ea7cf;ZW010406;/senaite/internal_clients/client19-1339;NULL;Client;"Chinyudze Rural Health Centre";NULL;NULL;system;"2020-08-13 17:42:04";system;"2020-08-13 17:43:44"
d382b0062f0b4a7494043fcf7c80515e;ZWdummy17;/senaite/internal_clients/client19-1503;NULL;Client;"Gavhunga Clinic";NULL;NULL;system;"2020-08-13 17:42:02";system;"2020-08-13 17:43:42"
d671cbfc9dba4330a58fade8f7f5ddaa;ZW010361;/senaite/internal_clients/client19-1354;NULL;Client;"ARDA Chisumbanje Clinic";NULL;NULL;system;"2020-08-13 17:42:04";system;"2020-08-13 17:43:44"
d6b2240deecb4b4dbe42a5e285d1d82c;ZW010524;/senaite/internal_clients/client19-1269;NULL;Client;"ARDA Transau Clinic";NULL;NULL;system;"2020-08-13 17:42:05";system;"2020-08-13 17:43:45"
d702bb6f27e94f5889a4da5038995de6;ZW010438;/senaite/internal_clients/client19-1308;NULL;Client;"Maurice Nyagumbo Clinic";NULL;NULL;system;"2020-08-13 17:42:04";system;"2020-08-13 17:43:44"
d74d49a408254dc7ab47700e74ff2903;ZW010337;/senaite/internal_clients/client19-1365;NULL;Client;"Zamuchia Clinic";NULL;NULL;system;"2020-08-13 17:42:03";system;"2020-08-13 17:43:44"
d74fecca475e46fc87e98d955d9cc313;ZWdummy71;/senaite/internal_clients/client19-1557;NULL;Client;"Silikwe Clinic";NULL;NULL;system;"2020-08-13 17:42:01";system;"2020-08-13 17:43:41"
d8423c1be3e24b11a7f9887716ff085e;ZW010672;/senaite/internal_clients/client19-1207;NULL;Client;"Sheba Clinic";NULL;NULL;system;"2020-08-13 17:42:05";system;"2020-08-13 17:43:46"
d84ed485f4754b9fb8ca9c3f53347c94;ZW030922;/senaite/internal_clients/client19-837;NULL;Client;"Jonasi Clinic";NULL;NULL;system;"2020-08-13 17:42:01";system;"2020-08-13 17:43:40"
d85d30dd29594b5d9cb94f2b5c13f9e7;ZW010629;/senaite/internal_clients/client19-1228;NULL;Client;"Mpotedzi Clinic";NULL;NULL;system;"2020-08-13 17:42:05";system;"2020-08-13 17:43:46"
d893c67703684e08995805d8305bd627;ZW010433;/senaite/internal_clients/client19-1313;NULL;Client;"Rukweza Clinic";NULL;NULL;system;"2020-08-13 17:42:04";system;"2020-08-13 17:43:44"
d91aaa9d953b499c9d0f3f85cceff3de;ZW03070B;/senaite/internal_clients/client19-892;NULL;Client;"St Paul's Musami Mission Hospital";NULL;NULL;system;"2020-08-13 17:42:00";system;"2020-08-13 17:43:40"
d9290ddd057d453589d6918e0b7e2e27;ZWdummy65;/senaite/internal_clients/client19-1551;NULL;Client;Rutendo;NULL;NULL;system;"2020-08-13 17:42:01";system;"2020-08-13 17:43:41"
d970894739fa4cb885790656d46c59d3;ZW000A0D;/senaite/internal_clients/client19-1480;NULL;Client;"Wlikins Infectious Diseases Hospital";NULL;NULL;system;"2020-08-13 17:42:02";system;"2020-08-13 17:43:42"
d978d3f4007840a6a7d19b084a7fa37e;TEST-01;/senaite/internal_clients/client-3;NULL;Client;"XX PRISON CLINIC";NULL;NULL;system;"2020-08-13 17:41:59";system;"2020-08-13 17:43:39"
dae97327980d4c67a8ec3c409e446c38;ZW010510;/senaite/internal_clients/client19-1277;NULL;Client;"Munyarari Clinic";NULL;NULL;system;"2020-08-13 17:42:04";system;"2020-08-13 17:43:45"
dbdb8dc01de64323a26191900a58ed20;ZW010530;/senaite/internal_clients/client19-1264;NULL;Client;"Mambwere Clinic";NULL;NULL;system;"2020-08-13 17:42:05";system;"2020-08-13 17:43:45"
dc16a6f01fd74afdb5209b7f9281383d;ZW010347;/senaite/internal_clients/client19-1359;NULL;Client;"Gaza Clinic";NULL;NULL;system;"2020-08-13 17:42:04";system;"2020-08-13 17:43:44"
dcdd574ab9d244469c1bb7e194ef8782;ZW010102;/senaite/internal_clients/client19-1441;NULL;Client;"Betera Rural Health Centre";NULL;NULL;system;"2020-08-13 17:42:03";system;"2020-08-13 17:43:43"
dd6039138c75481f9640eb82f4f5f369;ZW030632;/senaite/internal_clients/client19-906;NULL;Client;"Shinda Clinic";NULL;NULL;system;"2020-08-13 17:42:00";system;"2020-08-13 17:43:39"
df209ce2a59b4322a7f97fd5e4d29e24;ZWdummy15;/senaite/internal_clients/client19-1501;NULL;Client;"Gaha Clinic";NULL;NULL;system;"2020-08-13 17:42:02";system;"2020-08-13 17:43:42"
df6a0b58cb1a4bd7b62fa6a469f408b8;ZWdummy02;/senaite/internal_clients/client19-1488;NULL;Client;"Bevking Clinic";NULL;NULL;system;"2020-08-13 17:42:02";system;"2020-08-13 17:43:42"
dfbc5c5c41924516b0c0a3a53cc16535;ZW030803;/senaite/internal_clients/client19-869;NULL;Client;"Kapondoro Rural Health Centre";NULL;NULL;system;"2020-08-13 17:42:00";system;"2020-08-13 17:43:40"
e05e2ce843e54523995c3d4a277c3273;ZW01060C;/senaite/internal_clients/client19-1236;NULL;Client;"Old Mutare Mission Hospital";NULL;NULL;system;"2020-08-13 17:42:05";system;"2020-08-13 17:43:46"
e0c08aaa29fe4486aa1ce89e0bcaa572;ZW010134;/senaite/internal_clients/client19-1419;NULL;Client;"Mutepfe Clinic";NULL;NULL;system;"2020-08-13 17:42:03";system;"2020-08-13 17:43:43"
e1d02c4c91e645dcaaa83c2a8fdc70a8;ZWdummy28;/senaite/internal_clients/client19-1514;NULL;Client;"Karoi Static Clinic";NULL;NULL;system;"2020-08-13 17:42:02";system;"2020-08-13 17:43:41"
e20c454747524cefa81b1497a757ed5a;TEST-HPA-01;/senaite/clients/client-14;NULL;Client;"Home Patient API 01";NULL;NULL;system;"2020-08-13 17:42:01";system;"2020-08-13 17:43:41"
e3493e1319594e77949452f7e8eb9e8b;ZW030634;/senaite/internal_clients/client19-904;NULL;Client;"Chisvo Clinic";NULL;NULL;system;"2020-08-13 17:42:00";system;"2020-08-13 17:43:39"
e3f683e5d580453f8f14c902705f791f;ZW010309;/senaite/internal_clients/client19-1388;NULL;Client;"Mahenye Rural Health Centre";NULL;NULL;system;"2020-08-13 17:42:03";system;"2020-08-13 17:43:43"
e4495feda3124b94aeacf1ddf402fc31;ZW010364;/senaite/internal_clients/client19-1352;NULL;Client;"Jersey Clinic";NULL;NULL;system;"2020-08-13 17:42:04";system;"2020-08-13 17:43:44"
e51f4cdd51e846aba9a939e7c1acef34;TEST-HPA-03;/senaite/clients/client-15;NULL;Client;"Home Patient API 03";NULL;NULL;system;"2020-08-13 17:42:01";system;"2020-08-13 17:43:41"
e6779a28037c44f7b7f579d737d6330c;ZW030629;/senaite/internal_clients/client19-909;NULL;Client;"Nyamapanda Clinic";NULL;NULL;system;"2020-08-13 17:42:00";system;"2020-08-13 17:43:39"
e698d1a767d24216a1436d494ce061f2;ZW000A27;/senaite/internal_clients/client19-1466;NULL;Client;"Mbare Polyclinic";NULL;NULL;system;"2020-08-13 17:42:02";system;"2020-08-13 17:43:42"
e72972fd37e74706a722b8ab12c9685e;ZW010226;/senaite/internal_clients/client19-1401;NULL;Client;"Chakohwa Clinic";NULL;NULL;system;"2020-08-13 17:42:03";system;"2020-08-13 17:43:43"
e77646ce5abc42058fc586383606fc71;ZW010204;/senaite/internal_clients/client19-1409;NULL;Client;"Chikukwa Rural Health Centre";NULL;NULL;system;"2020-08-13 17:42:03";system;"2020-08-13 17:43:43"
e7a29465d636403a9f29d0e211c3b9d6;ZW010698;/senaite/internal_clients/client19-1200;NULL;Client;"Premier Central Clinic";NULL;NULL;system;"2020-08-13 17:42:05";system;"2020-08-13 17:43:46"
e7a92d410d944e0590c92b93f5d84ed1;ZW030925;/senaite/internal_clients/client19-834;NULL;Client;"Muda Clinic";NULL;NULL;system;"2020-08-13 17:42:01";system;"2020-08-13 17:43:40"
e973996da9144d97aa2f4d5c22d502ac;ZW010369;/senaite/internal_clients/client19-1348;NULL;Client;"Southdowns Clinic";NULL;NULL;system;"2020-08-13 17:42:04";system;"2020-08-13 17:43:44"
e9f74e3f87eb461cadc30eb9fd22d722;ZW010306;/senaite/internal_clients/client19-1390;NULL;Client;"Kopera Rural Health Centre";NULL;NULL;system;"2020-08-13 17:42:03";system;"2020-08-13 17:43:43"
ea1fe608965f465ebec3f6eb53b78a07;ZW010671;/senaite/internal_clients/client19-1208;NULL;Client;"Redwing Clinic";NULL;NULL;system;"2020-08-13 17:42:05";system;"2020-08-13 17:43:46"
ead4178f2fc240e1bb09e1b7a65ffa66;ZW010431;/senaite/internal_clients/client19-1315;NULL;Client;"Nyamidzi Clinic";NULL;NULL;system;"2020-08-13 17:42:04";system;"2020-08-13 17:43:44"
eb54dbe8629c46ce80212e2bd52cc67c;ZW010330;/senaite/internal_clients/client19-1372;NULL;Client;"Manzvire Clinic";NULL;NULL;system;"2020-08-13 17:42:03";system;"2020-08-13 17:43:44"
ecc14adbdc2d48fda0848aa7bb22b856;ZW010227;/senaite/internal_clients/client19-1400;NULL;Client;"Chikwakwa Clinic";NULL;NULL;system;"2020-08-13 17:42:03";system;"2020-08-13 17:43:43"
ecca3d85d2c14e06bb094cd58e8cfc72;ZW030891;/senaite/internal_clients/client19-848;NULL;Client;"Chindenga Clinic";NULL;NULL;system;"2020-08-13 17:42:01";system;"2020-08-13 17:43:40"
ed05aa217794403ab470a0520d817f23;ZW030627;/senaite/internal_clients/client19-911;NULL;Client;"Kotwa Clinic";NULL;NULL;system;"2020-08-13 17:42:00";system;"2020-08-13 17:43:39"
ee1c5b0432744ba6a9303783007618f9;ZWdummy62;/senaite/internal_clients/client19-1548;NULL;Client;"Parirenyatwa Satelite Clinic";NULL;NULL;system;"2020-08-13 17:42:01";system;"2020-08-13 17:43:41"
ee37baaf61fd46d98e6cb6ccc6276bce;ZWdummy49;/senaite/internal_clients/client19-1535;NULL;Client;"Murambi Clinic";NULL;NULL;system;"2020-08-13 17:42:01";system;"2020-08-13 17:43:41"
ee536e4482f047df9b81974bdfd144e0;ZWdummy48;/senaite/internal_clients/client19-1534;NULL;Client;"Mupinda Clinic";NULL;NULL;system;"2020-08-13 17:42:01";system;"2020-08-13 17:43:41"
eeec991271ce4a7885ea08dcb6d2ccb5;ZW010645;/senaite/internal_clients/client19-1215;NULL;Client;"Chinamasa Clinic";NULL;NULL;system;"2020-08-13 17:42:05";system;"2020-08-13 17:43:46"
ef7eddcae4cc44c399a7f55c625f26c0;ZW010444;/senaite/internal_clients/client19-1302;NULL;Client;"Mavhudzi Clinic";NULL;NULL;system;"2020-08-13 17:42:04";system;"2020-08-13 17:43:45"
ef7f768cd3d44850bbaf733f30578614;ZW03050B;/senaite/internal_clients/client19-934;NULL;Client;"Chiota Rural Hospital";NULL;NULL;system;"2020-08-13 17:41:59";system;"2020-08-13 17:43:39"
f1ed309478dd43499fcaf5867a9128c8;ZW010414;/senaite/internal_clients/client19-1326;NULL;Client;"Mayo 1 Rural Health Centre";NULL;NULL;system;"2020-08-13 17:42:04";system;"2020-08-13 17:43:44"
f204d83cd57f44209ca9c2cf565d71b9;ZW000A13;/senaite/internal_clients/client19-1477;NULL;Client;"Glen View Polyclinic";NULL;NULL;system;"2020-08-13 17:42:02";system;"2020-08-13 17:43:42"
f378528bbee944dfa10e038338cae2e9;ZW010474;/senaite/internal_clients/client19-1297;NULL;Client;"Rusape ZPCS Clinic";NULL;NULL;system;"2020-08-13 17:42:04";system;"2020-08-13 17:43:45"
f390a6654229493fb12f6e271817c012;ZW030726;/senaite/internal_clients/client19-886;NULL;Client;"Dombwe Rural Health Centre";NULL;NULL;system;"2020-08-13 17:42:00";system;"2020-08-13 17:43:40"
f3b291e038234a55ae79bef714492598;ZW010564;/senaite/internal_clients/client19-1245;NULL;Client;"Sakubva Health Centre";NULL;NULL;system;"2020-08-13 17:42:05";system;"2020-08-13 17:43:45"
f5c017b8966e4556a5c176c6c81d10cc;ZW010411;/senaite/internal_clients/client19-1329;NULL;Client;"Maparura Rural Health Centre";NULL;NULL;system;"2020-08-13 17:42:04";system;"2020-08-13 17:43:44"
f6791e4131f14ea5adcec26889f26ce0;ZW000A47;/senaite/internal_clients/client19-1452;NULL;Client;"Mabvuku Satelite Clinic";NULL;NULL;system;"2020-08-13 17:42:02";system;"2020-08-13 17:43:42"
f67bb5c13fd0435a815102b0bd132ea3;ZW030815;/senaite/internal_clients/client19-853;NULL;Client;"Madimutsa Clinic";NULL;NULL;system;"2020-08-13 17:42:00";system;"2020-08-13 17:43:40"
f74b29fbf03d41e488627b72f984be16;ZW000A45;/senaite/internal_clients/client19-1454;NULL;Client;"Marlborough Satellite Clinic";NULL;NULL;system;"2020-08-13 17:42:02";system;"2020-08-13 17:43:42"
f851cc4c0b9f422eb707b3260f8518a1;ZW030505;/senaite/internal_clients/client19-937;NULL;Client;"Mudzimurema Rural Health Centre";NULL;NULL;system;"2020-08-13 17:41:59";system;"2020-08-13 17:43:39"
f87f9b3804284650af7ba871f9f6cb57;ZWdummy75;/senaite/internal_clients/client19-1561;NULL;Client;"Tumbire Clinic";NULL;NULL;system;"2020-08-13 17:42:01";system;"2020-08-13 17:43:41"
f956cfd3099c4f038ec608fc426496d9;ZW010504;/senaite/internal_clients/client19-1288;NULL;Client;"Gutaurare Rural Health Centre";NULL;NULL;system;"2020-08-13 17:42:04";system;"2020-08-13 17:43:45"
f95fe5d3767341e6bbbf2695de5003b1;ZW030506;/senaite/internal_clients/client19-936;NULL;Client;"Wenimbe Rural Health Centre";NULL;NULL;system;"2020-08-13 17:41:59";system;"2020-08-13 17:43:39"
fa6f51e53921450fa12c2bc16512440b;ZW010513;/senaite/internal_clients/client19-1274;NULL;Client;"Zvipiripiri Rural Health Centre";NULL;NULL;system;"2020-08-13 17:42:05";system;"2020-08-13 17:43:45"
faf72117a4234aaa94ccb75b844a77dd;ZW08097866;/senaite/internal_clients/client-13;NULL;Client;BOCHA;NULL;NULL;system;"2020-08-13 17:42:01";system;"2020-08-13 17:43:41"
fb5c2eccb28746eea6988380027e0947;ZW010439;/senaite/internal_clients/client19-1307;NULL;Client;"Mufusire Clinic";NULL;NULL;system;"2020-08-13 17:42:04";system;"2020-08-13 17:43:44"
fcc37c8cb1ae450787a785ad7bbfc7ce;ZW030529;/senaite/internal_clients/client19-928;NULL;Client;"Chipararwe Clinic";NULL;NULL;system;"2020-08-13 17:41:59";system;"2020-08-13 17:43:39"
fd4d50b9f66e4f35a9ff9da69f68cfb7;ZW010540;/senaite/internal_clients/client19-1254;NULL;Client;"Zumbare Clinic";NULL;NULL;system;"2020-08-13 17:42:05";system;"2020-08-13 17:43:45"
fd6f59d00003456ca3f8df83d560fab8;ZWdummy37;/senaite/internal_clients/client19-1523;NULL;Client;"Makuti Clinic";NULL;NULL;system;"2020-08-13 17:42:02";system;"2020-08-13 17:43:41"
fe97f033cc9d4de6b3c8c07fb0f964c7;ZWdummy47;/senaite/internal_clients/client19-1533;NULL;Client;"Munyamani Clinic";NULL;NULL;system;"2020-08-13 17:42:01";system;"2020-08-13 17:43:41"
ff7abd797035416e9e8d337d22d856cb;ZW030625;/senaite/internal_clients/client19-913;NULL;Client;"St Pius Clinic";NULL;NULL;system;"2020-08-13 17:42:00";system;"2020-08-13 17:43:39"
ffc0eb5cfa17465bb26169f23535fd20;ZWdummy69;/senaite/internal_clients/client19-1555;NULL;Client;"Sidinda Clinic";NULL;NULL;system;"2020-08-13 17:42:01";system;"2020-08-13 17:43:41"
